"ML","WLE","MAP","EAP"
-2.07822242533763,-2.04723403163913,-1.76310502745013,-1.79239513715997
0.0441969308686332,0.0510028287894054,0.0397856508070462,0.0234217453026166
0.962996204494738,0.959532932653377,0.880089861128462,0.875526437015378
0.209381599185384,0.213372165023801,0.19247535051113,0.181720843982043
-0.719640105059656,-0.703846348402846,-0.633846603940975,-0.658990843799668
0.665062084906224,0.664688702319943,0.599124155833377,0.587926497972823
-1.49929589864225,-1.47690481089981,-1.29675921338449,-1.32407751670736
0.701139782314987,0.700433203313941,0.640214472522181,0.633104575586072
0.528443805370536,0.529513401941605,0.484072641517155,0.475449909367287
-0.785286868899014,-0.772165926526924,-0.707425656999315,-0.728536854129694
-0.0955517335415569,-0.0885307231144252,-0.0872888786135353,-0.100599257559907
-0.13466141687476,-0.127150613560891,-0.122765450881478,-0.13761352410816
-0.190171826889337,-0.182090542447079,-0.173121679013001,-0.188622778110862
-1.48870382044414,-1.46855461607725,-1.30399438725456,-1.32918979841192
0.217864377423074,0.222196557649976,0.198541438931661,0.186865810181119
-0.493730442785496,-0.481902104638822,-0.443267685205612,-0.462634369687468
0.372841822847788,0.375498709365375,0.340985858183455,0.330402335271349
-1.77706466863361,-1.75137010276804,-1.52543143832944,-1.55572487053688
0.83504168795113,0.832913813735415,0.762588322774713,0.756473582086832
-0.267000883926301,-0.25731911578336,-0.24059070798476,-0.259372771462143
-0.424281984132453,-0.414247472343549,-0.38540972950937,-0.404121374874647
-0.0757716201429798,-0.0685493405596525,-0.0688988299618337,-0.0835343493994331
-0.810080484717376,-0.79243404201742,-0.706916806796902,-0.73316959362443
0.34255258533382,0.34560954503902,0.312346925813596,0.300527878526897
1.18561308411191,1.17944569785307,1.07775572437294,1.07557391114718
-0.919239635201184,-0.903395285146758,-0.815795606720963,-0.840107841188904
-0.423764459682288,-0.41435947105461,-0.387120170832895,-0.403126761849074
-0.0120076224881193,-0.0052507370371319,-0.0109028590827137,-0.0247748924841895
0.48442799353138,0.485979739043163,0.442695140676562,0.433504921747245
-1.064148508576,-1.04675017628559,-0.938429484350572,-0.963208879412897
-0.859445231449927,-0.846023007722662,-0.774374662095996,-0.795218253797578
0.193523969263338,0.198189145033558,0.176022980303575,0.162139319557243
0.733059305734501,0.732024582110935,0.669993058043323,0.663601204239068
-2.50513035223644,-2.45215143350388,-2.02776906528056,-2.06583331190347
-0.48446999776325,-0.474204727950515,-0.440679738184166,-0.458493151869491
-0.53962277120537,-0.527162215907989,-0.48320775715329,-0.50375769744091
0.207278106947314,0.211481928954165,0.189786707292175,0.178360754287229
-1.67897633260034,-1.65724690084255,-1.46651639820041,-1.49419101527492
-1.01515825203325,-1.00233532246119,-0.922163236111173,-0.940842589808207
-1.57351126245613,-1.55404885032171,-1.3866394130723,-1.41032062605251
0.650705604211426,0.650532935307544,0.59419741028548,0.587015660072326
0.564112278819546,0.564820967525889,0.516889458403631,0.508675722874674
-1.03888721953232,-1.02251519544644,-0.922092609354009,-0.947731982988609
2.18380705705787,2.16209217075582,1.93368314460196,1.94264828036262
-1.10449995431009,-1.08875449288784,-0.985875865255864,-1.00966610455278
1.57315905471889,1.56136516110219,1.41304636031706,1.41538210670647
-0.38755342931835,-0.377473671286204,-0.351049409425774,-0.368399741150732
-0.606505484253507,-0.592034174814366,-0.53642233192976,-0.560512645432129
0.644464162593444,0.644348884835392,0.584305395168632,0.574845302771024
-0.219725563615276,-0.210901266744778,-0.198938461580513,-0.215683995822581
-0.425999819215045,-0.416433813926596,-0.388643223451318,-0.405165303961438
0.866720984072404,0.864255408462409,0.791588756166376,0.786623019116155
-0.834454474015526,-0.818200518797408,-0.736096512522539,-0.760193662216245
-1.03028213512403,-1.01525257941324,-0.922206221093692,-0.944115756286177
0.906545772897813,0.903646663254575,0.827643159424358,0.822071462689128
0.154581181278537,0.1596572244163,0.140544188381157,0.127800631117016
-0.176011191912577,-0.168716063967124,-0.161467079002311,-0.175550578975008
0.187508029773875,0.191936509283802,0.17154986105013,0.160532090449912
-0.336931368533735,-0.327250483146104,-0.305280245956094,-0.323103584660768
1.07657890804398,1.07210761053601,0.987379206861958,0.983800422030927
-1.09085859041127,-1.06918050846498,-0.937640229764736,-0.970468026221711
-2.50291888254207,-2.45798544477065,-2.08457138374221,-2.1221634817938
-0.704950927963193,-0.69308083339817,-0.639172798124554,-0.657869244326003
-0.752233551123228,-0.740081703920562,-0.681758910321085,-0.700970963032427
-1.04857563564292,-1.03363258835744,-0.939775995972277,-0.963035746515773
0.548333172375746,0.549179038428427,0.50349289852516,0.495759689551659
0.00948673003930023,0.0155670727527019,0.00867250199037671,-0.00307990785277513
-1.25839770230089,-1.24374112015106,-1.133319306072,-1.15630107495887
0.138805491705554,0.143704882189924,0.125578740641631,0.110630913535413
-0.0206771290948988,-0.0157676299737012,-0.0190930567253664,-0.0303271379039639
-0.144901361498683,-0.139130900001233,-0.133617815672708,-0.146360532362568
1.03252455236036,1.02979427156733,0.955796887819126,0.951932253823055
-1.13575761827949,-1.12086176733808,-1.01582843100737,-1.03833484377406
0.705806489574004,0.705529025162715,0.648289926930385,0.641117384221071
0.0245065938830221,0.0288133912887308,0.0227489114031004,0.0124785749447759
-0.073781072875835,-0.0682078970781471,-0.0677962893873371,-0.0800963658041148
-0.105625501928569,-0.100373539869849,-0.0977867346533105,-0.109336391483521
-1.35073565779457,-1.3312884564415,-1.18519359519314,-1.21337884310803
0.942951307271097,0.940661647509722,0.865159148889203,0.860820577720529
-1.29386250256891,-1.27654826860422,-1.1469691823116,-1.17218497271275
0.0251378201202564,0.0303506279767564,0.0229830535190673,0.00997254593043442
0.73792252969256,0.737407776782681,0.680712451755961,0.674520645101253
-0.396412549978804,-0.389335974231252,-0.366028070466581,-0.379983730311029
-0.283037932874696,-0.276052283255575,-0.259736231430417,-0.273570200512091
0.0682650917718561,0.0727776878808554,0.0628398525257547,0.0507360018201808
-0.840344145445908,-0.828706843785016,-0.760341753790586,-0.779320409245023
-1.67970069573915,-1.66061245063751,-1.49844408430907,-1.5225117044885
-1.06944462749513,-1.0577116854262,-0.975885913828564,-0.995428849482541
-0.594658102356266,-0.585880304589707,-0.545346256800708,-0.560609156245136
-0.93487090439695,-0.920420313058293,-0.831259428625213,-0.853803060733941
-0.486021637071647,-0.477202413522286,-0.443013687339676,-0.460261976781303
-1.77596794936098,-1.75376656347882,-1.56574335901526,-1.59168047008728
0.668704557640996,0.668729441891487,0.619266212897089,0.612739667417728
0.479495458245248,0.480970321763969,0.442318103936149,0.434367245557246
-0.924734753415552,-0.911672410637482,-0.83051948834278,-0.85116635581044
-0.818195146430321,-0.807963535875046,-0.748133932918288,-0.765277838654365
0.430512744672779,0.432298215210655,0.398066384324659,0.389535968361413
0.533794059821919,0.534819194806063,0.493818180858374,0.485892109438891
-0.0397961956532697,-0.0349839246741113,-0.0368700620093649,-0.0476336205726811
1.27193869266928,1.26661073264046,1.16292334823846,1.16124667813237
0.299485764641803,0.30218622216004,0.277026193025547,0.268160042543634
-0.282429984951229,-0.274412494958551,-0.256081421363423,-0.273747920284803
-0.456210728693863,-0.448451284025408,-0.419602550782604,-0.434053994546828
-0.0879037433954479,-0.0823743971266809,-0.0809327067278055,-0.0935430782497193
-0.425982182107381,-0.418134625923859,-0.390796467693557,-0.407120633115523
-0.311649387250306,-0.304959730683038,-0.287534481864042,-0.301240140000975
0.160343292311667,0.164527452547733,0.146657648608812,0.133763384179998
-0.228576009319471,-0.2222756306242,-0.210692263641442,-0.22364432551074
-0.704474826448423,-0.694317262826303,-0.641361476579181,-0.658118655360359
-0.588548944127608,-0.580444558061039,-0.543067617737999,-0.558517134962083
0.785514661433693,0.784562643283681,0.720583746128753,0.71382947073332
-1.4507563543359,-1.43380015500948,-1.2969714251358,-1.31921592445605
0.547749428236133,0.54875261931579,0.50341251696518,0.495596591083299
-1.12540906345788,-1.10926865408741,-0.997506045151909,-1.02116084633147
0.24099143522753,0.244460073233789,0.221382427085705,0.210924030971289
0.481292848147788,0.482867985502685,0.440851540315647,0.432195426789826
0.793575506513122,0.792190761820801,0.725974892688029,0.719271612457849
2.24964410688675,2.22709663122624,1.98776149359189,1.99701731792783
0.520975435187177,0.52219231687032,0.476324171133532,0.466969178733676
-0.456206778943752,-0.447720658007637,-0.416497342686927,-0.430722370633609
0.000921047005286512,0.00726364709011282,0.000837577532475785,-0.0139301237538862
1.2465825960729,1.24070850449687,1.13858042610279,1.13609484206155
-0.71007984378297,-0.696059274858802,-0.634102077739831,-0.656041887208561
0.324726562527222,0.327868486169247,0.295413208932856,0.283608082553908
0.447544073933112,0.449543896857298,0.40761261906826,0.396533776436138
0.109566301107858,0.11439005221015,0.0999666859500088,0.0881693256027725
1.310118558115,1.30362544470099,1.1927187085448,1.19042070512134
0.47561863401395,0.477134988321904,0.438116916957227,0.428910774549106
-0.199759051467373,-0.190700950033618,-0.179680677110128,-0.197456925276847
0.37555523675683,0.378176181561801,0.343075405488618,0.332111382920416
2.02711846031003,2.01003816797054,1.8161114179606,1.82255971573363
1.39024165607484,1.38329334417416,1.27032283884172,1.26923386306424
0.510694557201485,0.512008091631285,0.467857018582113,0.458821308457049
0.521790303156518,0.523035259597761,0.475851595686999,0.466805155104706
-0.434452883442182,-0.425739505975786,-0.395250453399017,-0.410799003210348
1.02749427789984,1.02399570149775,0.942014950562348,0.938553460146604
-0.876702646484192,-0.861392608845738,-0.769369755903382,-0.792217350641665
-2.59783792375754,-2.55954607498897,-2.21141577307101,-2.24266596873989
-0.495482783265153,-0.483236146622405,-0.443076941765912,-0.464075783695302
0.502345427311522,0.503635236910292,0.462300250166312,0.453000414879374
-0.170751770982869,-0.163081685069952,-0.154166286079444,-0.171416628349427
1.13340036106066,1.12879180267137,1.03736908206513,1.03460081448046
-0.337744994590438,-0.329486214480786,-0.306896796753198,-0.322917012480785
0.136600976927719,0.14181948126877,0.123932188143523,0.109838679859065
-0.969786225532126,-0.955946205081269,-0.864271043203908,-0.885046037382304
-0.1297500886362,-0.12132226731675,-0.116656887572903,-0.132836606165653
0.137425700140079,0.14205567989446,0.125316394268746,0.112202602472681
0.223207408534851,0.227373072300834,0.203390126512097,0.19140336709548
0.184670985317931,0.188870851847496,0.168569362487071,0.156921824882619
0.412943115758294,0.415141508832816,0.378223130444974,0.368579430851076
-0.298447721733067,-0.290620891694917,-0.271764858911227,-0.285716063215931
-0.261542024141149,-0.255019746052004,-0.241223839164621,-0.253600639336244
1.08439137939889,1.08019886984718,0.990281287235255,0.986072031920309
0.0927067806493039,0.0973558528912668,0.0850482148094214,0.0729095785316607
0.862570763703624,0.86063707360682,0.792620424024356,0.787034069229127
1.5674631801094,1.55787874142357,1.42639822687274,1.42742686922073
0.649110615366106,0.649100706558359,0.593760977187837,0.586512171025673
1.44192502004434,1.43359438073072,1.31077673263628,1.31098108518311
1.04568073759243,1.04214962940916,0.961484985708703,0.957268789363115
0.00908963761236696,0.0148130885987903,0.00827581315273485,-0.00572704887306884
0.180262264560547,0.184675750685269,0.164766622354008,0.152397299455362
1.30285178026799,1.29663600600547,1.19394237262329,1.19278592083953
2.04854188253156,2.03388413666725,1.841463465634,1.84491816094449
-0.201677164159591,-0.194382091877175,-0.183460207456963,-0.198659902951373
0.870921917658073,0.868851670777779,0.798334095330164,0.793328838020555
-0.42294436472495,-0.413267371327843,-0.380726972854713,-0.398793431988379
0.566215010934091,0.566948043442423,0.520676175494063,0.513029625946627
0.358827358587332,0.361433464197027,0.328874613244981,0.318850232951411
0.832681593049527,0.83089022889373,0.760477678230792,0.754929702455893
0.398331761812294,0.400348250589438,0.368614958921092,0.359756958302965
-1.22954316590056,-1.20952977038206,-1.07700556174089,-1.10169323175014
0.596349606338792,0.596888805037408,0.547214738892128,0.539461790014718
-1.23140230497221,-1.21135503621387,-1.0789850726071,-1.10554330387799
0.106383569163624,0.111607844329145,0.0963973128043327,0.082090969625587
0.987815433362871,0.984816981700852,0.908887039722061,0.903724173385615
0.369045602638767,0.371647338050145,0.33730840773177,0.326251091808574
-0.347738609991496,-0.338087900263177,-0.315000230197924,-0.333448818172753
-1.13966350609903,-1.12567373712948,-1.0209631131167,-1.04152224644615
0.766129238419504,0.764991826780291,0.700098140427557,0.69240141595409
0.176122368697773,0.18067439379789,0.159829971038368,0.147318090295652
-0.171148039021789,-0.162146085324579,-0.153565601909645,-0.173115282697606
-0.862142627360068,-0.849008528463611,-0.769255136653168,-0.789305623842852
0.164048602418987,0.168871814737241,0.149193893938177,0.135460237140201
1.61003041336999,1.59956633012033,1.45960710824037,1.46101799214485
0.51610851305733,0.517235719157769,0.476352031203555,0.468372075001615
0.830163944347301,0.828554596887511,0.760881229290368,0.755142026600938
0.584194283953812,0.584790561567967,0.535300121970796,0.525677855970472
-0.18808023629963,-0.180845441184154,-0.171021529844939,-0.184896268263085
1.53239783782047,1.52409124276757,1.39838773008285,1.39850094848284
-1.66414427744194,-1.64334275533088,-1.46053205554003,-1.48585550922697
0.96419192476714,0.961421654185147,0.887814869514364,0.883371529257132
0.356678512180804,0.359269621076065,0.327248794715709,0.31709839454897
-0.41888271271933,-0.407774687471042,-0.376255923784788,-0.394297691004596
0.498478736335946,0.499921685592134,0.456079544551316,0.44729942913872
0.964054339801131,0.961322191988769,0.888632074667196,0.884166636953554
0.700824849651924,0.700422495006687,0.64246101340388,0.635563982399015
-0.206733701070397,-0.19852924567697,-0.187865258411442,-0.202934009941047
-1.03892404931815,-1.02177611493491,-0.9056794756796,-0.928532394306123
0.993781618478438,0.990544813023187,0.909907922718503,0.904920295616316
1.27591089384184,1.26945636222114,1.16085377064699,1.15899245495464
1.72544868747982,1.71416772182646,1.55640280153692,1.55858591758777
-2.56176945755593,-2.50503342359809,-2.10218015359258,-2.13802300559787
1.6480204231393,1.63810474648259,1.49521131414632,1.4963452253693
0.375348892100453,0.37789808905327,0.343056218144196,0.33260307739326
-2.13597798813758,-2.10739651616393,-1.84579254035259,-1.87430350825736
0.327474690565038,0.330361701736404,0.299963542909085,0.290542619287398
0.26299281981634,0.266540249632941,0.241020330933647,0.230819728726234
0.339400053403305,0.342453896612008,0.308342028697418,0.295853822123518
0.223995767369678,0.228242684205942,0.203700578674813,0.189303650217649
0.602575424691994,0.6030521180221,0.553652899187509,0.546533052294659
-0.966016484262787,-0.950271516009828,-0.861623237024584,-0.88383766674432
-0.873370522394787,-0.856603894244686,-0.770857942038954,-0.796034727359712
0.625298115300343,0.625507253874054,0.573803160142225,0.565629625826885
-0.0387719746504941,-0.0331262170024337,-0.0355310705848386,-0.0493428182621058
0.525505392205365,0.526691768982205,0.481294055054989,0.472196323020092
-0.280888030781929,-0.273404245483758,-0.256488291024275,-0.271294550519505
-0.833970687650872,-0.81537677559648,-0.72569384022633,-0.754665787315316
0.819612517805248,0.818027793791084,0.74794755513402,0.740359915147594
0.33894250574809,0.341801661021415,0.310632520962929,0.300225784168439
-1.31923523772982,-1.30285433908012,-1.17057929710388,-1.19390361976923
0.88222533052459,0.879993371915874,0.806737163884343,0.799933863391452
0.857534920345031,0.85554101010683,0.781494059229957,0.775477637833219
0.404366047949019,0.406669196875591,0.370008047155233,0.359856135888024
0.247933255233831,0.251547668154578,0.226671764595365,0.216136610981124
0.82058536449925,0.818798431023569,0.744859268934327,0.736808371576674
0.106224351189764,0.111395093376789,0.0963508455532276,0.0829806824120332
-0.321485405140033,-0.312567077218802,-0.292741704243751,-0.308924559879157
0.534633309722598,0.53563768880576,0.49205151887142,0.483685256310815
0.300260943151509,0.303415113271709,0.27470908403117,0.264545441400407
1.30191169273698,1.29539152018081,1.18368275440084,1.18206403133753
0.278287313466835,0.281796111282906,0.25346385613624,0.241875500992036
0.730792216279109,0.7300372128634,0.670926720935409,0.663329923473301
-1.25906141762751,-1.24322073807032,-1.11837698283831,-1.14025049404423
-0.130079378675018,-0.122596004437931,-0.118317738309989,-0.133174007988458
0.687044274472456,0.686775259045742,0.631198963777566,0.624720362194709
0.538752177261182,0.539833312134726,0.491159707991621,0.481050227416105
0.173517118214217,0.177466636440795,0.159506274627476,0.149064555753745
0.029550957340331,0.0349935137140356,0.0271360567830517,0.0140136159415359
-0.00220500771284053,0.00416054530921034,-0.00199043343286569,-0.0164254461323113
-0.301710583445683,-0.291674515133981,-0.271249177965454,-0.289934025075627
-0.52784908878168,-0.51847805869798,-0.479542959193389,-0.497367904160292
-0.755395813120452,-0.740285982418149,-0.670731852740912,-0.694216461289826
-0.597453586637244,-0.585180613741326,-0.530156674818263,-0.550571456520057
