Labels,TargetEmo,ComparisonEmo,TrialNum,Track110,Index
Angry-Fearful,1,2,6,3,123
Angry-Fearful,1,2,13,5,125
Angry-Fearful,1,2,291,92,1292
Angry-Happy,1,3,1,1,131
Angry-Happy,1,3,57,20,1320
Angry-Happy,1,3,7,3,133
Angry-Happy,1,3,10,4,134
Angry-Happy,1,3,14,5,135
Angry-Happy,1,3,17,6,136
Angry-Happy,1,3,223,69,1369
Angry-Happy,1,3,20,7,137
Angry-Happy,1,3,352,8,138
Angry-Happy,1,3,26,9,139
Angry-Happy,1,3,288,91,1391
Angry-Sad,1,4,2,1,141
Angry-Sad,1,4,58,20,1420
Angry-Sad,1,4,8,3,143
Angry-Sad,1,4,11,4,144
Angry-Sad,1,4,15,5,145
Angry-Sad,1,4,18,6,146
Angry-Sad,1,4,431,66,1466
Angry-Sad,1,4,432,68,1468
Angry-Sad,1,4,224,69,1469
Angry-Sad,1,4,21,7,147
Angry-Sad,1,4,27,9,149
Angry-Sad,1,4,289,91,1491
Angry-Sad,1,4,292,92,1492
Angry-Sad,1,4,466,94,1494
Angry-Tender,1,5,59,20,1520
Angry-Tender,1,5,9,3,153
Angry-Tender,1,5,12,4,154
Angry-Tender,1,5,16,5,155
Angry-Tender,1,5,19,6,156
Angry-Tender,1,5,225,69,1569
Angry-Tender,1,5,22,7,157
Angry-Tender,1,5,353,8,158
Angry-Tender,1,5,28,9,159
Angry-Tender,1,5,290,91,1591
Fearful-Angry,2,1,309,100,21100
Fearful-Angry,2,1,32,11,2111
Fearful-Angry,2,1,34,12,2112
Fearful-Angry,2,1,38,13,2113
Fearful-Angry,2,1,42,14,2114
Fearful-Angry,2,1,46,15,2115
Fearful-Angry,2,1,383,32,2132
Fearful-Angry,2,1,510,37,2137
Fearful-Angry,2,1,203,62,2162
Fearful-Angry,2,1,207,63,2163
Fearful-Angry,2,1,211,64,2164
Fearful-Angry,2,1,214,65,2165
Fearful-Angry,2,1,217,66,2166
Fearful-Angry,2,1,220,68,2168
Fearful-Angry,2,1,226,70,2170
Fearful-Angry,2,1,269,85,2185
Fearful-Angry,2,1,459,89,2189
Fearful-Angry,2,1,294,94,2194
Fearful-Angry,2,1,467,96,2196
Fearful-Angry,2,1,299,97,2197
Fearful-Happy,2,3,29,10,2310
Fearful-Happy,2,3,310,100,23100
Fearful-Happy,2,3,35,12,2312
Fearful-Happy,2,3,39,13,2313
Fearful-Happy,2,3,43,14,2314
Fearful-Happy,2,3,47,15,2315
Fearful-Happy,2,3,50,16,2316
Fearful-Happy,2,3,368,20,2320
Fearful-Happy,2,3,342,3,233
Fearful-Happy,2,3,204,62,2362
Fearful-Happy,2,3,215,65,2365
Fearful-Happy,2,3,218,66,2366
Fearful-Happy,2,3,495,8,238
Fearful-Happy,2,3,270,85,2385
Fearful-Happy,2,3,455,87,2387
Fearful-Happy,2,3,460,89,2389
Fearful-Happy,2,3,354,9,239
Fearful-Happy,2,3,468,96,2396
Fearful-Happy,2,3,300,97,2397
Fearful-Sad,2,4,30,10,2410
Fearful-Sad,2,4,311,100,24100
Fearful-Sad,2,4,33,11,2411
Fearful-Sad,2,4,36,12,2412
Fearful-Sad,2,4,40,13,2413
Fearful-Sad,2,4,44,14,2414
Fearful-Sad,2,4,48,15,2415
Fearful-Sad,2,4,369,20,2420
Fearful-Sad,2,4,343,3,243
Fearful-Sad,2,4,344,5,245
Fearful-Sad,2,4,205,62,2462
Fearful-Sad,2,4,212,64,2464
Fearful-Sad,2,4,219,66,2466
Fearful-Sad,2,4,221,68,2468
Fearful-Sad,2,4,228,70,2470
Fearful-Sad,2,4,465,91,2491
Fearful-Sad,2,4,293,93,2493
Fearful-Sad,2,4,295,94,2494
Fearful-Sad,2,4,301,97,2497
Fearful-Tender,2,5,31,10,2510
Fearful-Tender,2,5,312,100,25100
Fearful-Tender,2,5,37,12,2512
Fearful-Tender,2,5,41,13,2513
Fearful-Tender,2,5,45,14,2514
Fearful-Tender,2,5,49,15,2515
Fearful-Tender,2,5,51,16,2516
Fearful-Tender,2,5,206,62,2562
Fearful-Tender,2,5,210,63,2563
Fearful-Tender,2,5,213,64,2564
Fearful-Tender,2,5,216,65,2565
Fearful-Tender,2,5,222,68,2568
Fearful-Tender,2,5,496,8,258
Fearful-Tender,2,5,271,85,2585
Fearful-Tender,2,5,456,87,2587
Fearful-Tender,2,5,461,89,2589
Fearful-Tender,2,5,469,96,2596
Fearful-Tender,2,5,302,97,2597
Happy-Angry,3,1,68,25,3125
Happy-Angry,3,1,506,29,3129
Happy-Angry,3,1,525,52,3152
Happy-Angry,3,1,168,53,3153
Happy-Angry,3,1,175,55,3155
Happy-Angry,3,1,179,56,3156
Happy-Angry,3,1,183,57,3157
Happy-Angry,3,1,191,59,3159
Happy-Angry,3,1,195,60,3160
Happy-Angry,3,1,199,61,3161
Happy-Angry,3,1,230,73,3173
Happy-Angry,3,1,234,74,3174
Happy-Angry,3,1,241,77,3177
Happy-Angry,3,1,249,79,3179
Happy-Angry,3,1,253,80,3180
Happy-Fearful,3,2,62,22,3222
Happy-Fearful,3,2,66,24,3224
Happy-Fearful,3,2,69,25,3225
Happy-Fearful,3,2,507,29,3229
Happy-Fearful,3,2,526,52,3252
Happy-Fearful,3,2,169,53,3253
Happy-Fearful,3,2,176,55,3255
Happy-Fearful,3,2,180,56,3256
Happy-Fearful,3,2,184,57,3257
Happy-Fearful,3,2,192,59,3259
Happy-Fearful,3,2,200,61,3261
Happy-Fearful,3,2,231,73,3273
Happy-Fearful,3,2,235,74,3274
Happy-Fearful,3,2,242,77,3277
Happy-Fearful,3,2,250,79,3279
Happy-Fearful,3,2,254,80,3280
Happy-Sad,3,4,486,107,34107
Happy-Sad,3,4,70,25,3425
Happy-Sad,3,4,376,26,3426
Happy-Sad,3,4,76,27,3427
Happy-Sad,3,4,400,43,3443
Happy-Sad,3,4,170,53,3453
Happy-Sad,3,4,177,55,3455
Happy-Sad,3,4,181,56,3456
Happy-Sad,3,4,185,57,3457
Happy-Sad,3,4,193,59,3459
Happy-Sad,3,4,201,61,3461
Happy-Sad,3,4,232,73,3473
Happy-Sad,3,4,236,74,3474
Happy-Sad,3,4,243,77,3477
Happy-Sad,3,4,251,79,3479
Happy-Sad,3,4,255,80,3480
Happy-Tender,3,5,60,21,3521
Happy-Tender,3,5,67,24,3524
Happy-Tender,3,5,71,25,3525
Happy-Tender,3,5,77,27,3527
Happy-Tender,3,5,171,53,3553
Happy-Tender,3,5,178,55,3555
Happy-Tender,3,5,182,56,3556
Happy-Tender,3,5,186,57,3557
Happy-Tender,3,5,194,59,3559
Happy-Tender,3,5,202,61,3561
Happy-Tender,3,5,229,71,3571
Happy-Tender,3,5,233,73,3573
Happy-Tender,3,5,237,74,3574
Happy-Tender,3,5,244,77,3577
Happy-Tender,3,5,252,79,3579
Happy-Tender,3,5,256,80,3580
Sad-Angry,4,1,313,102,41102
Sad-Angry,4,1,317,103,41103
Sad-Angry,4,1,320,104,41104
Sad-Angry,4,1,333,108,41108
Sad-Angry,4,1,572,110,41110
Sad-Angry,4,1,93,32,4132
Sad-Angry,4,1,99,34,4134
Sad-Angry,4,1,103,35,4135
Sad-Angry,4,1,107,36,4136
Sad-Angry,4,1,394,37,4137
Sad-Angry,4,1,115,38,4138
Sad-Angry,4,1,144,46,4146
Sad-Angry,4,1,520,47,4147
Sad-Angry,4,1,404,48,4148
Sad-Angry,4,1,187,58,4158
Sad-Angry,4,1,425,63,4163
Sad-Angry,4,1,245,78,4178
Sad-Angry,4,1,545,83,4183
Sad-Angry,4,1,454,85,4185
Sad-Angry,4,1,272,87,4187
Sad-Angry,4,1,276,88,4188
Sad-Angry,4,1,280,89,4189
Sad-Angry,4,1,284,90,4190
Sad-Angry,4,1,296,96,4196
Sad-Angry,4,1,303,98,4198
Sad-Angry,4,1,306,99,4199
Sad-Fearful,4,2,314,102,42102
Sad-Fearful,4,2,318,103,42103
Sad-Fearful,4,2,321,104,42104
Sad-Fearful,4,2,334,108,42108
Sad-Fearful,4,2,573,110,42110
Sad-Fearful,4,2,90,31,4231
Sad-Fearful,4,2,94,32,4232
Sad-Fearful,4,2,100,34,4234
Sad-Fearful,4,2,104,35,4235
Sad-Fearful,4,2,108,36,4236
Sad-Fearful,4,2,116,38,4238
Sad-Fearful,4,2,519,45,4245
Sad-Fearful,4,2,145,46,4246
Sad-Fearful,4,2,521,47,4247
Sad-Fearful,4,2,188,58,4258
Sad-Fearful,4,2,246,78,4278
Sad-Fearful,4,2,23,8,428
Sad-Fearful,4,2,258,81,4281
Sad-Fearful,4,2,546,83,4283
Sad-Fearful,4,2,266,84,4284
Sad-Fearful,4,2,273,87,4287
Sad-Fearful,4,2,277,88,4288
Sad-Fearful,4,2,281,89,4289
Sad-Fearful,4,2,285,90,4290
Sad-Happy,4,3,315,102,43102
Sad-Happy,4,3,319,103,43103
Sad-Happy,4,3,322,104,43104
Sad-Happy,4,3,335,108,43108
Sad-Happy,4,3,366,19,4319
Sad-Happy,4,3,91,31,4331
Sad-Happy,4,3,95,32,4332
Sad-Happy,4,3,97,33,4333
Sad-Happy,4,3,101,34,4334
Sad-Happy,4,3,105,35,4335
Sad-Happy,4,3,109,36,4336
Sad-Happy,4,3,395,37,4337
Sad-Happy,4,3,117,38,4338
Sad-Happy,4,3,398,40,4340
Sad-Happy,4,3,146,46,4346
Sad-Happy,4,3,405,48,4348
Sad-Happy,4,3,174,54,4354
Sad-Happy,4,3,189,58,4358
Sad-Happy,4,3,426,63,4363
Sad-Happy,4,3,247,78,4378
Sad-Happy,4,3,24,8,438
Sad-Happy,4,3,274,87,4387
Sad-Happy,4,3,282,89,4389
Sad-Happy,4,3,286,90,4390
Sad-Happy,4,3,297,96,4396
Sad-Happy,4,3,304,98,4398
Sad-Happy,4,3,307,99,4399
Sad-Tender,4,5,323,104,45104
Sad-Tender,4,5,337,109,45109
Sad-Tender,4,5,367,19,4519
Sad-Tender,4,5,92,31,4531
Sad-Tender,4,5,96,32,4532
Sad-Tender,4,5,98,33,4533
Sad-Tender,4,5,102,34,4534
Sad-Tender,4,5,106,35,4535
Sad-Tender,4,5,110,36,4536
Sad-Tender,4,5,118,38,4538
Sad-Tender,4,5,190,58,4558
Sad-Tender,4,5,427,63,4563
Sad-Tender,4,5,430,65,4565
Sad-Tender,4,5,248,78,4578
Sad-Tender,4,5,25,8,458
Sad-Tender,4,5,260,81,4581
Sad-Tender,4,5,268,84,4584
Sad-Tender,4,5,275,87,4587
Sad-Tender,4,5,279,88,4588
Sad-Tender,4,5,283,89,4589
Sad-Tender,4,5,287,90,4590
Sad-Tender,4,5,298,96,4596
Sad-Tender,4,5,308,99,4599
Tender-Angry,5,1,478,102,51102
Tender-Angry,5,1,482,104,51104
Tender-Angry,5,1,325,106,51106
Tender-Angry,5,1,329,107,51107
Tender-Angry,5,1,338,110,51110
Tender-Angry,5,1,78,28,5128
Tender-Angry,5,1,82,29,5129
Tender-Angry,5,1,86,30,5130
Tender-Angry,5,1,380,31,5131
Tender-Angry,5,1,384,33,5133
Tender-Angry,5,1,387,34,5134
Tender-Angry,5,1,111,37,5137
Tender-Angry,5,1,125,41,5141
Tender-Angry,5,1,129,42,5142
Tender-Angry,5,1,136,44,5144
Tender-Angry,5,1,140,45,5145
Tender-Angry,5,1,147,47,5147
Tender-Angry,5,1,150,48,5148
Tender-Angry,5,1,154,49,5149
Tender-Angry,5,1,157,50,5150
Tender-Angry,5,1,161,51,5151
Tender-Angry,5,1,164,52,5152
Tender-Angry,5,1,411,56,5156
Tender-Angry,5,1,447,81,5181
Tender-Angry,5,1,261,83,5183
Tender-Angry,5,1,547,84,5184
Tender-Fearful,5,2,479,102,52102
Tender-Fearful,5,2,483,104,52104
Tender-Fearful,5,2,326,106,52106
Tender-Fearful,5,2,330,107,52107
Tender-Fearful,5,2,339,110,52110
Tender-Fearful,5,2,79,28,5228
Tender-Fearful,5,2,83,29,5229
Tender-Fearful,5,2,87,30,5230
Tender-Fearful,5,2,381,31,5231
Tender-Fearful,5,2,385,33,5233
Tender-Fearful,5,2,388,34,5234
Tender-Fearful,5,2,119,39,5239
Tender-Fearful,5,2,122,40,5240
Tender-Fearful,5,2,126,41,5241
Tender-Fearful,5,2,130,42,5242
Tender-Fearful,5,2,133,43,5243
Tender-Fearful,5,2,137,44,5244
Tender-Fearful,5,2,141,45,5245
Tender-Fearful,5,2,148,47,5247
Tender-Fearful,5,2,151,48,5248
Tender-Fearful,5,2,155,49,5249
Tender-Fearful,5,2,158,50,5250
Tender-Fearful,5,2,162,51,5251
Tender-Fearful,5,2,165,52,5252
Tender-Fearful,5,2,412,56,5256
Tender-Fearful,5,2,448,81,5281
Tender-Fearful,5,2,262,83,5283
Tender-Happy,5,3,484,104,53104
Tender-Happy,5,3,327,106,53106
Tender-Happy,5,3,331,107,53107
Tender-Happy,5,3,340,110,53110
Tender-Happy,5,3,80,28,5328
Tender-Happy,5,3,84,29,5329
Tender-Happy,5,3,88,30,5330
Tender-Happy,5,3,382,31,5331
Tender-Happy,5,3,386,33,5333
Tender-Happy,5,3,389,34,5334
Tender-Happy,5,3,113,37,5337
Tender-Happy,5,3,120,39,5339
Tender-Happy,5,3,123,40,5340
Tender-Happy,5,3,127,41,5341
Tender-Happy,5,3,131,42,5342
Tender-Happy,5,3,134,43,5343
Tender-Happy,5,3,138,44,5344
Tender-Happy,5,3,142,45,5345
Tender-Happy,5,3,152,48,5348
Tender-Happy,5,3,159,50,5350
Tender-Happy,5,3,166,52,5352
Tender-Happy,5,3,417,58,5358
Tender-Happy,5,3,449,81,5381
Tender-Happy,5,3,263,83,5383
Tender-Happy,5,3,548,84,5384
Tender-Sad,5,4,328,106,54106
Tender-Sad,5,4,332,107,54107
Tender-Sad,5,4,341,110,54110
Tender-Sad,5,4,81,28,5428
Tender-Sad,5,4,85,29,5429
Tender-Sad,5,4,89,30,5430
Tender-Sad,5,4,128,41,5441
Tender-Sad,5,4,132,42,5442
Tender-Sad,5,4,135,43,5443
Tender-Sad,5,4,139,44,5444
Tender-Sad,5,4,143,45,5445
Tender-Sad,5,4,149,47,5447
Tender-Sad,5,4,153,48,5448
Tender-Sad,5,4,156,49,5449
Tender-Sad,5,4,163,51,5451
Tender-Sad,5,4,167,52,5452
Tender-Sad,5,4,407,53,5453
Tender-Sad,5,4,413,56,5456
