Labels,TargetEmo,ComparisonEmo,TrialNum,Track110
Angry-Fearful,1,2,1,1
Angry-Happy,1,3,2,1
Angry-Sad,1,4,3,1
Angry-Tender,1,5,4,1
Fearful-Happy,2,3,5,2
Fearful-Sad,2,4,6,2
Fearful-Tender,2,5,7,2
Angry-Fearful,1,2,8,3
Angry-Happy,1,3,9,3
Angry-Sad,1,4,10,3
Angry-Tender,1,5,11,3
Angry-Happy,1,3,12,4
Angry-Sad,1,4,13,4
Angry-Tender,1,5,14,4
Angry-Fearful,1,2,15,5
Angry-Happy,1,3,16,5
Angry-Sad,1,4,17,5
Angry-Tender,1,5,18,5
Angry-Happy,1,3,19,6
Angry-Sad,1,4,20,6
Angry-Tender,1,5,21,6
Angry-Happy,1,3,22,7
Angry-Sad,1,4,23,7
Angry-Tender,1,5,24,7
Sad-Fearful,4,2,25,8
Sad-Happy,4,3,26,8
Sad-Tender,4,5,27,8
Angry-Happy,1,3,28,9
Angry-Sad,1,4,29,9
Angry-Tender,1,5,30,9
Fearful-Angry,2,1,31,10
Fearful-Happy,2,3,32,10
Fearful-Sad,2,4,33,10
Fearful-Tender,2,5,34,10
Fearful-Angry,2,1,35,11
Fearful-Happy,2,3,36,11
Fearful-Sad,2,4,37,11
Fearful-Tender,2,5,38,11
Fearful-Angry,2,1,39,12
Fearful-Happy,2,3,40,12
Fearful-Sad,2,4,41,12
Fearful-Tender,2,5,42,12
Fearful-Angry,2,1,43,13
Fearful-Happy,2,3,44,13
Fearful-Sad,2,4,45,13
Fearful-Tender,2,5,46,13
Fearful-Angry,2,1,47,14
Fearful-Happy,2,3,48,14
Fearful-Sad,2,4,49,14
Fearful-Tender,2,5,50,14
Fearful-Angry,2,1,51,15
Fearful-Happy,2,3,52,15
Fearful-Sad,2,4,53,15
Fearful-Tender,2,5,54,15
Fearful-Angry,2,1,55,16
Fearful-Happy,2,3,56,16
Fearful-Sad,2,4,57,16
Fearful-Tender,2,5,58,16
Fearful-Angry,2,1,59,19
Fearful-Happy,2,3,60,19
Fearful-Tender,2,5,61,19
Angry-Fearful,1,2,62,20
Angry-Happy,1,3,63,20
Angry-Sad,1,4,64,20
Angry-Tender,1,5,65,20
Happy-Tender,3,5,66,21
Happy-Angry,3,1,67,22
Happy-Fearful,3,2,68,22
Happy-Sad,3,4,69,22
Happy-Tender,3,5,70,22
Happy-Tender,3,5,71,23
Happy-Angry,3,1,72,24
Happy-Fearful,3,2,73,24
Happy-Sad,3,4,74,24
Happy-Tender,3,5,75,24
Happy-Angry,3,1,76,25
Happy-Fearful,3,2,77,25
Happy-Sad,3,4,78,25
Happy-Tender,3,5,79,25
Tender-Angry,5,1,80,26
Tender-Fearful,5,2,81,26
Tender-Sad,5,4,82,26
Happy-Angry,3,1,83,27
Happy-Fearful,3,2,84,27
Happy-Sad,3,4,85,27
Happy-Tender,3,5,86,27
Tender-Angry,5,1,87,28
Tender-Fearful,5,2,88,28
Tender-Happy,5,3,89,28
Tender-Sad,5,4,90,28
Tender-Angry,5,1,91,29
Tender-Fearful,5,2,92,29
Tender-Happy,5,3,93,29
Tender-Sad,5,4,94,29
Tender-Angry,5,1,95,30
Tender-Fearful,5,2,96,30
Tender-Happy,5,3,97,30
Tender-Sad,5,4,98,30
Sad-Angry,4,1,99,31
Sad-Fearful,4,2,100,31
Sad-Happy,4,3,101,31
Sad-Tender,4,5,102,31
Sad-Angry,4,1,103,32
Sad-Fearful,4,2,104,32
Sad-Happy,4,3,105,32
Sad-Tender,4,5,106,32
Sad-Fearful,4,2,107,33
Sad-Happy,4,3,108,33
Sad-Tender,4,5,109,33
Sad-Angry,4,1,110,34
Sad-Fearful,4,2,111,34
Sad-Happy,4,3,112,34
Sad-Tender,4,5,113,34
Sad-Angry,4,1,114,35
Sad-Fearful,4,2,115,35
Sad-Happy,4,3,116,35
Sad-Tender,4,5,117,35
Sad-Angry,4,1,118,36
Sad-Fearful,4,2,119,36
Sad-Happy,4,3,120,36
Sad-Tender,4,5,121,36
Sad-Angry,4,1,122,37
Sad-Happy,4,3,123,37
Sad-Angry,4,1,124,38
Sad-Fearful,4,2,125,38
Sad-Happy,4,3,126,38
Sad-Tender,4,5,127,38
Tender-Angry,5,1,128,39
Tender-Fearful,5,2,129,39
Tender-Happy,5,3,130,39
Tender-Angry,5,1,131,40
Tender-Fearful,5,2,132,40
Tender-Happy,5,3,133,40
Tender-Angry,5,1,134,41
Tender-Fearful,5,2,135,41
Tender-Happy,5,3,136,41
Tender-Sad,5,4,137,41
Tender-Angry,5,1,138,42
Tender-Fearful,5,2,139,42
Tender-Happy,5,3,140,42
Tender-Sad,5,4,141,42
Tender-Angry,5,1,142,43
Tender-Fearful,5,2,143,43
Tender-Happy,5,3,144,43
Tender-Sad,5,4,145,43
Tender-Angry,5,1,146,44
Tender-Fearful,5,2,147,44
Tender-Happy,5,3,148,44
Tender-Sad,5,4,149,44
Tender-Angry,5,1,150,45
Tender-Fearful,5,2,151,45
Tender-Happy,5,3,152,45
Tender-Sad,5,4,153,45
Sad-Angry,4,1,154,46
Sad-Fearful,4,2,155,46
Sad-Happy,4,3,156,46
Tender-Angry,5,1,157,47
Tender-Fearful,5,2,158,47
Tender-Sad,5,4,159,47
Tender-Angry,5,1,160,48
Tender-Fearful,5,2,161,48
Tender-Happy,5,3,162,48
Tender-Sad,5,4,163,48
Tender-Angry,5,1,164,49
Tender-Fearful,5,2,165,49
Tender-Sad,5,4,166,49
Sad-Angry,4,1,167,50
Sad-Fearful,4,2,168,50
Sad-Happy,4,3,169,50
Tender-Angry,5,1,170,51
Tender-Fearful,5,2,171,51
Tender-Sad,5,4,172,51
Tender-Angry,5,1,173,52
Tender-Fearful,5,2,174,52
Tender-Happy,5,3,175,52
Tender-Sad,5,4,176,52
Happy-Angry,3,1,177,53
Happy-Fearful,3,2,178,53
Happy-Sad,3,4,179,53
Happy-Tender,3,5,180,53
Tender-Angry,5,1,181,54
Tender-Fearful,5,2,182,54
Tender-Happy,5,3,183,54
Happy-Angry,3,1,184,55
Happy-Fearful,3,2,185,55
Happy-Sad,3,4,186,55
Happy-Tender,3,5,187,55
Happy-Angry,3,1,188,56
Happy-Fearful,3,2,189,56
Happy-Sad,3,4,190,56
Happy-Tender,3,5,191,56
Happy-Angry,3,1,192,57
Happy-Fearful,3,2,193,57
Happy-Sad,3,4,194,57
Happy-Tender,3,5,195,57
Sad-Angry,4,1,196,58
Sad-Fearful,4,2,197,58
Sad-Happy,4,3,198,58
Sad-Tender,4,5,199,58
Happy-Angry,3,1,200,59
Happy-Fearful,3,2,201,59
Happy-Sad,3,4,202,59
Happy-Tender,3,5,203,59
Happy-Angry,3,1,204,60
Happy-Fearful,3,2,205,60
Happy-Sad,3,4,206,60
Happy-Angry,3,1,207,61
Happy-Fearful,3,2,208,61
Happy-Sad,3,4,209,61
Happy-Tender,3,5,210,61
Fearful-Angry,2,1,211,62
Fearful-Happy,2,3,212,62
Fearful-Sad,2,4,213,62
Fearful-Tender,2,5,214,62
Fearful-Angry,2,1,215,63
Fearful-Happy,2,3,216,63
Fearful-Sad,2,4,217,63
Fearful-Tender,2,5,218,63
Fearful-Angry,2,1,219,64
Fearful-Happy,2,3,220,64
Fearful-Sad,2,4,221,64
Fearful-Tender,2,5,222,64
Fearful-Angry,2,1,223,65
Fearful-Happy,2,3,224,65
Fearful-Sad,2,4,225,65
Fearful-Tender,2,5,226,65
Fearful-Angry,2,1,227,66
Fearful-Happy,2,3,228,66
Fearful-Sad,2,4,229,66
Fearful-Tender,2,5,230,66
Fearful-Angry,2,1,231,68
Fearful-Sad,2,4,232,68
Fearful-Tender,2,5,233,68
Angry-Happy,1,3,234,69
Angry-Sad,1,4,235,69
Angry-Tender,1,5,236,69
Fearful-Angry,2,1,237,70
Fearful-Happy,2,3,238,70
Fearful-Sad,2,4,239,70
Happy-Tender,3,5,240,71
Happy-Angry,3,1,241,73
Happy-Fearful,3,2,242,73
Happy-Sad,3,4,243,73
Happy-Tender,3,5,244,73
Happy-Angry,3,1,245,74
Happy-Fearful,3,2,246,74
Happy-Sad,3,4,247,74
Happy-Tender,3,5,248,74
Happy-Angry,3,1,249,76
Happy-Fearful,3,2,250,76
Happy-Sad,3,4,251,76
Happy-Angry,3,1,252,77
Happy-Fearful,3,2,253,77
Happy-Sad,3,4,254,77
Happy-Tender,3,5,255,77
Sad-Angry,4,1,256,78
Sad-Fearful,4,2,257,78
Sad-Happy,4,3,258,78
Sad-Tender,4,5,259,78
Happy-Angry,3,1,260,79
Happy-Fearful,3,2,261,79
Happy-Sad,3,4,262,79
Happy-Tender,3,5,263,79
Happy-Angry,3,1,264,80
Happy-Fearful,3,2,265,80
Happy-Sad,3,4,266,80
Happy-Tender,3,5,267,80
Sad-Angry,4,1,268,81
Sad-Fearful,4,2,269,81
Sad-Happy,4,3,270,81
Sad-Tender,4,5,271,81
Tender-Angry,5,1,272,83
Tender-Fearful,5,2,273,83
Tender-Happy,5,3,274,83
Tender-Sad,5,4,275,83
Sad-Angry,4,1,276,84
Sad-Fearful,4,2,277,84
Sad-Happy,4,3,278,84
Sad-Tender,4,5,279,84
Fearful-Angry,2,1,280,85
Fearful-Happy,2,3,281,85
Fearful-Tender,2,5,282,85
Sad-Angry,4,1,283,87
Sad-Fearful,4,2,284,87
Sad-Happy,4,3,285,87
Sad-Tender,4,5,286,87
Sad-Angry,4,1,287,88
Sad-Fearful,4,2,288,88
Sad-Happy,4,3,289,88
Sad-Tender,4,5,290,88
Sad-Angry,4,1,291,89
Sad-Fearful,4,2,292,89
Sad-Happy,4,3,293,89
Sad-Tender,4,5,294,89
Sad-Angry,4,1,295,90
Sad-Fearful,4,2,296,90
Sad-Happy,4,3,297,90
Sad-Tender,4,5,298,90
Fearful-Angry,2,1,299,91
Fearful-Happy,2,3,300,91
Fearful-Sad,2,4,301,91
Fearful-Tender,2,5,302,91
Angry-Fearful,1,2,303,92
Angry-Sad,1,4,304,92
Fearful-Happy,2,3,305,93
Fearful-Sad,2,4,306,93
Fearful-Tender,2,5,307,93
Fearful-Angry,2,1,308,94
Fearful-Happy,2,3,309,94
Fearful-Sad,2,4,310,94
Fearful-Tender,2,5,311,94
Sad-Angry,4,1,312,96
Sad-Happy,4,3,313,96
Sad-Tender,4,5,314,96
Fearful-Angry,2,1,315,97
Fearful-Happy,2,3,316,97
Fearful-Sad,2,4,317,97
Fearful-Tender,2,5,318,97
Sad-Angry,4,1,319,98
Sad-Fearful,4,2,320,98
Sad-Happy,4,3,321,98
Sad-Tender,4,5,322,98
Sad-Angry,4,1,323,99
Sad-Fearful,4,2,324,99
Sad-Happy,4,3,325,99
Sad-Tender,4,5,326,99
Fearful-Angry,2,1,327,100
Fearful-Happy,2,3,328,100
Fearful-Sad,2,4,329,100
Fearful-Tender,2,5,330,100
Sad-Angry,4,1,331,102
Sad-Fearful,4,2,332,102
Sad-Happy,4,3,333,102
Sad-Angry,4,1,334,103
Sad-Fearful,4,2,335,103
Sad-Happy,4,3,336,103
Sad-Angry,4,1,337,104
Sad-Fearful,4,2,338,104
Sad-Happy,4,3,339,104
Sad-Tender,4,5,340,104
Happy-Tender,3,5,341,105
Tender-Angry,5,1,342,106
Tender-Fearful,5,2,343,106
Tender-Happy,5,3,344,106
Tender-Sad,5,4,345,106
Tender-Angry,5,1,346,107
Tender-Fearful,5,2,347,107
Tender-Happy,5,3,348,107
Tender-Sad,5,4,349,107
Sad-Angry,4,1,350,108
Sad-Fearful,4,2,351,108
Sad-Happy,4,3,352,108
Sad-Tender,4,5,353,108
Sad-Angry,4,1,354,109
Sad-Fearful,4,2,355,109
Sad-Happy,4,3,356,109
Sad-Tender,4,5,357,109
Tender-Angry,5,1,358,110
Tender-Fearful,5,2,359,110
Tender-Happy,5,3,360,110
Tender-Sad,5,4,361,110
Fearful-Happy,2,3,362,3
Fearful-Sad,2,4,363,3
Fearful-Tender,2,5,364,3
Fearful-Sad,2,4,365,4
Fearful-Sad,2,4,366,5
Fearful-Sad,2,4,367,6
Fearful-Tender,2,5,368,6
Fearful-Happy,2,3,369,7
Fearful-Sad,2,4,370,7
Angry-Happy,1,3,371,8
Angry-Tender,1,5,372,8
Fearful-Happy,2,3,373,9
Angry-Sad,1,4,374,10
Angry-Happy,1,3,375,11
Angry-Sad,1,4,376,11
Angry-Tender,1,5,377,11
Angry-Happy,1,3,378,12
Angry-Sad,1,4,379,12
Angry-Tender,1,5,380,12
Angry-Happy,1,3,381,13
Angry-Sad,1,4,382,13
Angry-Tender,1,5,383,13
Angry-Happy,1,3,384,14
Angry-Sad,1,4,385,14
Angry-Tender,1,5,386,14
Sad-Angry,4,1,387,19
Sad-Happy,4,3,388,19
Sad-Tender,4,5,389,19
Fearful-Happy,2,3,390,20
Fearful-Sad,2,4,391,20
Tender-Angry,5,1,392,21
Tender-Fearful,5,2,393,21
Tender-Sad,5,4,394,21
Tender-Angry,5,1,395,25
Tender-Fearful,5,2,396,25
Tender-Sad,5,4,397,25
Happy-Sad,3,4,398,26
Tender-Angry,5,1,399,27
Tender-Fearful,5,2,400,27
Tender-Sad,5,4,401,27
Happy-Angry,3,1,402,29
Happy-Fearful,3,2,403,29
Happy-Angry,3,1,404,30
Happy-Fearful,3,2,405,30
Tender-Angry,5,1,406,31
Tender-Fearful,5,2,407,31
Tender-Happy,5,3,408,31
Fearful-Angry,2,1,409,32
Fearful-Happy,2,3,410,32
Fearful-Tender,2,5,411,32
Tender-Angry,5,1,412,33
Tender-Fearful,5,2,413,33
Tender-Happy,5,3,414,33
Tender-Angry,5,1,415,34
Tender-Fearful,5,2,416,34
Tender-Happy,5,3,417,34
Tender-Angry,5,1,418,37
Tender-Happy,5,3,419,37
Tender-Angry,5,1,420,38
Sad-Happy,4,3,421,39
Sad-Happy,4,3,422,40
Happy-Fearful,3,2,423,41
Happy-Sad,3,4,424,42
Happy-Sad,3,4,425,43
Sad-Angry,4,1,426,44
Sad-Fearful,4,2,427,44
Happy-Angry,3,1,428,45
Happy-Fearful,3,2,429,45
Tender-Happy,5,3,430,46
Happy-Fearful,3,2,431,47
Happy-Sad,3,4,432,47
Sad-Angry,4,1,433,48
Sad-Fearful,4,2,434,48
Sad-Happy,4,3,435,48
Tender-Happy,5,3,436,50
Happy-Sad,3,4,437,51
Sad-Angry,4,1,438,52
Sad-Fearful,4,2,439,52
Tender-Angry,5,1,440,53
Tender-Fearful,5,2,441,53
Tender-Sad,5,4,442,53
Sad-Happy,4,3,443,54
Tender-Angry,5,1,444,56
Tender-Fearful,5,2,445,56
Tender-Sad,5,4,446,56
Tender-Fearful,5,2,447,58
Tender-Happy,5,3,448,58
Tender-Angry,5,1,449,59
Tender-Fearful,5,2,450,59
Tender-Sad,5,4,451,59
Tender-Angry,5,1,452,60
Angry-Happy,1,3,453,62
Angry-Tender,1,5,454,62
Sad-Angry,4,1,455,63
Sad-Happy,4,3,456,63
Sad-Tender,4,5,457,63
Sad-Angry,4,1,458,65
Sad-Happy,4,3,459,65
Sad-Tender,4,5,460,65
Angry-Sad,1,4,461,66
Angry-Sad,1,4,462,68
Tender-Angry,5,1,463,71
Tender-Fearful,5,2,464,71
Tender-Sad,5,4,465,71
Tender-Angry,5,1,466,73
Tender-Fearful,5,2,467,73
Tender-Sad,5,4,468,73
Tender-Angry,5,1,469,74
Tender-Fearful,5,2,470,74
Tender-Sad,5,4,471,74
Tender-Angry,5,1,472,76
Tender-Fearful,5,2,473,76
Tender-Angry,5,1,474,78
Tender-Angry,5,1,475,81
Tender-Fearful,5,2,476,81
Tender-Happy,5,3,477,81
Happy-Angry,3,1,478,83
Happy-Fearful,3,2,479,83
Tender-Angry,5,1,480,84
Tender-Happy,5,3,481,84
Sad-Angry,4,1,482,85
Sad-Happy,4,3,483,85
Sad-Tender,4,5,484,85
Fearful-Angry,2,1,485,87
Fearful-Happy,2,3,486,87
Fearful-Tender,2,5,487,87
Fearful-Angry,2,1,488,89
Fearful-Happy,2,3,489,89
Fearful-Tender,2,5,490,89
Fearful-Angry,2,1,491,90
Fearful-Happy,2,3,492,90
Fearful-Tender,2,5,493,90
Angry-Sad,1,4,494,91
Angry-Sad,1,4,495,94
Fearful-Angry,2,1,496,96
Fearful-Happy,2,3,497,96
Fearful-Tender,2,5,498,96
Angry-Sad,1,4,499,97
Angry-Tender,1,5,500,97
Fearful-Angry,2,1,501,98
Fearful-Happy,2,3,502,98
Fearful-Tender,2,5,503,98
Fearful-Happy,2,3,504,99
Fearful-Tender,2,5,505,99
Angry-Happy,1,3,506,100
Angry-Tender,1,5,507,100
Tender-Angry,5,1,508,102
Tender-Fearful,5,2,509,102
Tender-Angry,5,1,510,103
Tender-Fearful,5,2,511,103
Tender-Angry,5,1,512,104
Tender-Fearful,5,2,513,104
Tender-Happy,5,3,514,104
Happy-Sad,3,4,515,106
Happy-Sad,3,4,516,107
Tender-Happy,5,3,517,108
Tender-Fearful,5,2,518,109
Happy-Angry,3,1,519,110
Happy-Fearful,3,2,520,110
Happy-Sad,3,4,521,110
Sad-Happy,4,3,522,5
Sad-Tender,4,5,523,5
Happy-Sad,3,4,524,6
Happy-Tender,3,5,525,6
Fearful-Happy,2,3,526,8
Fearful-Tender,2,5,527,8
Sad-Angry,4,1,528,28
Sad-Fearful,4,2,529,28
Sad-Angry,4,1,530,29
Sad-Fearful,4,2,531,29
Sad-Angry,4,1,532,30
Sad-Fearful,4,2,533,30
Fearful-Angry,2,1,534,37
Fearful-Happy,2,3,535,37
Happy-Angry,3,1,536,40
Sad-Angry,4,1,537,41
Sad-Fearful,4,2,538,41
Sad-Angry,4,1,539,42
Sad-Fearful,4,2,540,42
Happy-Angry,3,1,541,44
Happy-Fearful,3,2,542,44
Sad-Angry,4,1,543,45
Sad-Fearful,4,2,544,45
Sad-Angry,4,1,545,47
Sad-Fearful,4,2,546,47
Happy-Angry,3,1,547,50
Happy-Angry,3,1,548,52
Happy-Fearful,3,2,549,52
Sad-Happy,4,3,550,62
Sad-Tender,4,5,551,62
Angry-Happy,1,3,552,65
Angry-Tender,1,5,553,65
Sad-Angry,4,1,554,76
Sad-Fearful,4,2,555,76
Sad-Angry,4,1,556,83
Sad-Fearful,4,2,557,83
Angry-Happy,1,3,558,99
Angry-Tender,1,5,559,99
Sad-Happy,4,3,560,100
Sad-Tender,4,5,561,100
Happy-Angry,3,1,562,102
Happy-Angry,3,1,563,103
Happy-Fearful,3,2,564,103
Sad-Angry,4,1,565,106
Sad-Fearful,4,2,566,106
Sad-Angry,4,1,567,107
Sad-Fearful,4,2,568,107
Sad-Angry,4,1,569,110
Sad-Fearful,4,2,570,110
