"item","outfit","z.outfit","infit","z.infit"
"binary_responses1",0.990254080449459,-0.17098059228629,0.534843162602091,NA
"binary_responses2",0.973244598398197,0.176219530273563,0.561839937477746,-2.39013296527054
"binary_responses3",1.07956154584179,0.32228164093658,0.558346160432748,-3.39740948002043
"binary_responses4",1.2672623052302,0.573285578733468,0.570313989806728,-1.65938775351644
"binary_responses6",0.784057645953696,-0.393107350035821,0.540550854450638,-3.76342721891297
"binary_responses7",1.12614889839712,0.454222488579163,0.549310058969593,-4.75661939971559
"binary_responses8",0.800191560705883,-0.30726302723713,0.54309076849565,-3.42812034241087
"binary_responses9",0.928422561224417,-0.486559960627355,0.538081801688789,-19.5716714315872
"binary_responses10",0.821924702575733,-0.444302235784858,0.551519559262657,-4.68251295050752
"binary_responses11",0.715345230934221,-0.887646303428376,0.542644910459142,-4.98438895067113
"binary_responses12",0.662234895977551,-0.70733257407761,0.54843857353356,-3.57907800099603
"binary_responses14",0.775556284777904,-0.551225073286813,0.551796466337435,-4.13914773640692
"binary_responses15",0.892081501341147,-0.410424120604095,0.545161619413184,-7.79695799896548
"binary_responses16",0.791519219034666,-0.493988681350257,0.552382531203205,-4.13646021749309
"binary_responses17",1.01342784602208,0.18663349940118,0.546186321948067,NA
"binary_responses18",0.810868009288254,-0.275079652057855,0.567611018504,-3.00064514368145
"binary_responses19",1.027573485856,0.206739691618784,0.550709003931663,-9.68103502082631
"binary_responses20",0.714053592355276,-0.283867910139797,0.571386180491597,-2.14183398803192
"binary_responses22",0.990246578967001,-0.195776908162642,0.539916626990564,NA
"binary_responses23",0.956971219004757,-0.343175876599436,0.539687910638644,NA
"binary_responses24",0.896481800169728,-0.762207778311194,0.534363578374114,-18.6252565253845
"binary_responses26",0.943126025107795,-0.371871137114466,0.539993708956844,-20.8160032429151
"binary_responses27",0.906054030024641,-0.631247299058965,0.538662747100752,-15.1016692838142
"binary_responses28",0.913325107687814,-0.330394467599079,0.54347145103179,-8.48663723450715
"binary_responses30",0.987820704835873,-0.138528613702889,0.541470613590275,NA
"binary_responses31",0.890006430393588,-0.684238440693512,0.538828309148841,-14.5637332671795
"binary_responses32",0.881393045589136,-0.560669527022123,0.543815517634885,-8.87338179982639
"binary_responses34",0.952972401528588,-0.258093194910519,0.525993282542173,-16.2890977530133
"binary_responses35",1.05462808478569,0.325382797032139,0.538190547574753,-9.8565846372075
"binary_responses36",0.904243092366794,-0.292323017154771,0.531822578823502,-6.92749866094499
"binary_responses37",0.997726909003211,-0.0296140158356681,0.53785815825231,NA
"binary_responses39",0.884879547527629,-0.42189765510796,0.523108761508091,-7.53545204116049
"binary_responses41",1.2201220423196,0.948513431704646,0.553058777824735,-7.86140951422487
"binary_responses45",1.12517104303606,0.862576447481079,0.57079809143204,-14.1479477490925
"binary_responses46",1.3769975783246,0.908753144575548,0.582066357505126,-3.22775826860674
"binary_responses48",1.51714216066416,1.14161379790488,0.583208652718878,-2.94321867006346
"binary_responses49",1.09653005575931,0.71555576030759,0.561637235305971,-17.5317851333675
"binary_responses50",0.874909006602212,-0.131077403640086,0.569452970538661,-3.26914198232542
"binary_responses51",1.00124083002825,0.145951847220219,0.572661716008591,-3.25629298096751
"binary_responses52",0.869954622464508,-0.03684175043388,0.576050952116574,-2.41388098932781
"binary_responses53",1.09335698350899,0.70611320390656,0.563139765903058,-15.6159151011033
"binary_responses54",0.82725779784791,0.0818498668533154,0.565200346755719,-1.53391196187437
"binary_responses55",0.958692721129071,0.15241240585607,0.569250413976678,-2.13877779897287
"binary_responses57",1.15765523798136,0.550924501606364,0.575568004901628,-4.44602951938991
"binary_responses58",0.946547698292854,0.120356216789468,0.570714370972979,-2.1418894691815
"binary_responses59",1.12537770034363,0.484027577479452,0.572737598821285,-4.73411786253397
"binary_responses60",0.946547698292854,0.139349854762834,0.570714370972979,-2.1418894691815
"binary_responses61",0.995317203434008,-0.0740826746564102,0.542691701579476,NA
"binary_responses62",0.998580020187976,0.029534022738355,0.549358164129464,-48.6082549582576
"binary_responses63",0.995993656230346,-0.0439695456000418,0.543524509490001,NA
"binary_responses64",1.01139761276214,0.124749754240461,0.554024023995818,-14.4333237388627
"binary_responses65",0.991201176848052,-0.142781962507614,0.535089926449866,NA
"binary_responses66",0.964046619608625,-0.25612062813718,0.527672475645511,-159.703747390861
"binary_responses68",0.952373992114593,-0.460125919895165,0.52641474675163,NA
"binary_responses69",0.999994476842463,0.0130522197279416,0.54319355584274,NA
"binary_responses70",1.03472759425804,0.326681789694598,0.548610327458832,-52.9206690294278
"binary_responses71",0.959868202446497,-0.208812399090734,0.546233599357326,-12.9365318709488
"binary_responses72",0.967198871629043,-0.0937036215622477,0.54884489566294,-9.22719019983075
"binary_responses76",1.32474001698042,0.891147928839151,0.580213437183212,-3.53734183795862
"binary_responses78",1.58062518920807,1.05970952047183,0.565600333585388,-2.71496017404626
"binary_responses80",1.64763235067173,1.24801127491393,0.555293785932591,-3.04448853431711
"binary_responses84",0.83884213482121,0.0203487999679296,0.586193014626623,-1.80691490674665
"binary_responses89",1.3588211808133,0.656120370181961,0.557474789344043,-1.2883766233762
"binary_responses90",0.997023055752636,0.284722725730273,0.555009458404151,-1.69252487790992
"binary_responses92",1.28523717785618,1.37243189411232,0.556832824770961,-9.19639290074487
"binary_responses93",1.05150034344196,0.261179912113,0.571724891368336,-4.11991863834065
"binary_responses94",1.02432363967373,0.184553168300116,0.563264047495323,-8.53077809131161
"binary_responses96",1.00478318898149,0.0824297022682341,0.555011667046624,-12.4661462103468
"binary_responses97",0.579788986233087,0.0463104180181967,0.567947947369071,-0.767006430099518
"binary_responses98",0.579788986233087,-0.00521402916084274,0.567947947369071,-0.767006430099518
"binary_responses100",1.07951164506273,0.342786402096347,0.568631828686817,-4.69868581259948
"binary_responses101",0.571815491219122,-0.466775648142421,0.546765583680945,-2.07783166071833
"binary_responses102",0.571815491219122,-0.429213137604912,0.546765583680945,-2.07783166071833
"binary_responses103",0.880210817801765,-0.555308801786169,0.519859424975511,-9.93808962198348
"binary_responses104",1.00302750719412,0.0654295154785754,0.536984883177532,-45.8481743280458
"binary_responses105",0.890375127671293,0.0596051667278414,0.54378175086916,-2.42008748904793
"binary_responses106",1.03130998637785,0.212324824692194,0.538169868412889,-4.03622841555727
"binary_responses107",0.983727752397315,-0.108486792024436,0.529519416170045,NA
"binary_responses108",1.02646161544471,0.377570203892184,0.539357933218561,NA
"binary_responses109",0.745387969852931,-0.491756294045222,0.527502435540398,-4.08015348630291
"binary_responses110",0.830681982066689,-0.330538183227618,0.529529867810981,-4.3935067297379
"binary_responses111",1.01407235006953,0.183453805810065,0.537698826047011,NA
"binary_responses112",0.990556375499967,-0.175854041561702,0.535298342425396,NA
"binary_responses113",0.633565533183547,-0.44391352191425,0.576032377068707,-2.1373977801738
"binary_responses114",0.826661920689188,-0.166867558381866,0.575604685500028,-2.71319482390799
"binary_responses115",0.768305918322011,-0.379387372235084,0.565432136698776,-3.00686095636928
"binary_responses116",0.988350613143088,-0.0407813487001257,0.549650304687149,-21.4998665845436
"binary_responses117",1.02202504700129,0.30190244213967,0.538373110683643,NA
"binary_responses118",1.00715881928666,0.129534494689811,0.538605141899513,NA
"binary_responses119",1.19135697936333,0.626025174133903,0.547366160320038,-4.70278510221054
"binary_responses120",1.02130684002816,0.168683636765464,0.538553136144444,-8.5187863179558
"binary_responses122",0.967291562463761,0.150204366598055,0.579436362636897,-2.12404489823708
"binary_responses123",0.623729208097498,-0.101920637935553,0.585780492189734,-1.13655913680106
"binary_responses124",1.01515429632287,0.151439183868692,0.568559547620669,-5.14597656572289
"binary_responses125",0.726957663910747,-0.70300817588641,0.529069278272174,-4.72305067216727
"binary_responses126",0.985814050550632,0.0379566406491763,0.53659635779972,-6.94914475482902
"binary_responses127",0.992503843270894,0.0597047750934104,0.537873833032891,-6.61165802608503
"binary_responses128",0.972595911385189,-0.211138548135265,0.531645361458086,NA
"binary_responses129",1.04017269562435,0.443919281080887,0.550184346159744,NA
"binary_responses130",1.0428316403094,0.350157255335443,0.556275008970991,-20.5142320088614
"binary_responses131",1.03811721199292,0.27329352145243,0.556870053391955,-10.1597314302486
"binary_responses132",1.02061651674618,0.189807551817709,0.552521380635302,-16.404310141727
"binary_responses133",1.18817710120846,0.747982622882997,0.572522077888253,-5.86358428196541
"binary_responses134",0.981622847850066,-0.120294283780227,0.547693660457189,-34.9146006338441
"binary_responses135",0.972027091126203,-0.00467881419248664,0.56356920918045,-5.74273888345548
"binary_responses136",0.9815745294313,-0.042894503125008,0.557739134476165,-9.6364163046779
"binary_responses137",1.0057125491645,0.0881947990251342,0.554366823151145,-15.4329732850018
"binary_responses139",1.00636518716058,0.126010143697535,0.545231240167285,NA
"binary_responses141",0.963557705166316,-0.0379187414340823,0.55462120021133,-6.00343470450438
"binary_responses142",1.01562253424914,0.216364530852346,0.54719095953397,NA
"binary_responses143",0.883586900754627,-0.463464359591491,0.545233850127631,-7.80638185278566
"binary_responses144",0.972011302663465,-0.290776451984222,0.53994006842799,NA
"binary_responses146",1.25944478801968,0.636929116004366,0.570244036227158,-2.70587792249749
"binary_responses147",0.999524598684679,0.0766703025348544,0.556736369620095,-7.4725222817112
"binary_responses149",0.728673483505633,-0.535194648502697,0.554714114728707,-3.28770436800654
"binary_responses150",1.13543398990239,0.590045149097731,0.56728404699766,-6.36098070805907
"binary_responses151",0.984015514925807,-0.0548279554654488,0.552596650341155,-13.0738292968259
"binary_responses154",0.608044732872096,-0.34731774552632,0.571134734700673,-1.84362230379029
"binary_responses155",1.0308860441788,0.236337536535886,0.555360146039219,-10.7855679254796
"binary_responses156",1.0224984727228,0.214688190843847,0.555003665297269,-22.822428218763
"binary_responses157",0.754742248869649,-0.0400929326203894,0.555875011440722,-1.69083815216496
"binary_responses158",0.931732327655531,0.149265947426699,0.556968175503055,-2.04921858798441
"binary_responses159",0.953034051429635,-0.221807286130034,0.525312910432902,-14.6576402340756
"binary_responses160",1.03442547754987,0.284797035647432,0.542938295118497,-16.950581891096
"binary_responses161",0.515154322731099,-0.661706972364538,0.559262146449347,-2.17629570192649
"binary_responses162",1.2516582377623,0.629527561329004,0.561012506438288,-2.73487289119345
"binary_responses163",1.02359964434688,0.255689762165272,0.546642166752477,NA
"binary_responses164",1.27974213101786,1.09021965302356,0.556435117003307,-6.25833084018541
"binary_responses165",0.878583883844046,-0.0480884036212845,0.554627337713253,-2.74522693094096
"binary_responses166",0.823891144400186,-0.227667671207831,0.550458068551303,-3.03063468638892
"binary_responses167",1.01803881712162,0.154655899401137,0.555982200656962,-7.47888703948027
"binary_responses168",1.05179342907745,0.486811808553439,0.552172033417317,NA
"binary_responses169",0.786793151223101,-0.473051385294134,0.559280262644729,-3.84351877573373
"binary_responses170",0.873390073369464,-0.308231529591269,0.55574008721029,-5.01699345790456
"binary_responses171",1.05823676170365,0.653273401394338,0.552285537578084,NA
"binary_responses172",1.00942720207892,0.162113887036991,0.545909289867092,NA
"binary_responses173",0.961571142447296,0.0264566045798219,0.570379976768296,-3.85958993508677
"binary_responses174",0.970888877497877,-0.0417251897256457,0.560449969385033,-7.0258831904164
"binary_responses175",0.939782096092984,-0.257225136949638,0.550628951146633,-8.90997287542583
"binary_responses177",0.650463403064397,-0.578734582006262,0.56501367744894,-2.74115081856854
"binary_responses178",0.65189221222363,-0.63386262371015,0.562342041149912,-3.03056575173589
"binary_responses180",0.994059831947785,-0.0195381744778818,0.549211306002698,NA
"binary_responses181",1.03819989868801,0.237023729383214,0.566129477567927,-6.93919087060892
"binary_responses182",1.00106730891434,0.0382614427681664,0.546313193530882,NA
"binary_responses183",0.966590331436353,-0.195997959102395,0.548485883884791,-20.6196679812023
"binary_responses184",0.996311395181752,-0.0655167386401565,0.541907821673417,NA
"binary_responses185",0.89102502985043,0.0466860312544365,0.555111007896816,-2.4053313862251
"binary_responses186",0.850838646737875,-0.149914386221498,0.54987159034935,-3.08429162575755
"binary_responses188",1.22644050556381,0.907022573600544,0.55545452914594,-6.8408161255998
"binary_responses189",0.717669635699926,-0.473027269505595,0.565586682183328,-3.02202973268796
"binary_responses190",1.01648215784738,0.149224849603904,0.56059872731657,-6.12434055716736
"binary_responses191",1.0009224828595,0.0401941426472566,0.545779884826548,NA
"binary_responses193",0.644388590967295,-0.91709921737333,0.455382127035106,-4.75330904012858
"binary_responses194",0.692575437634752,-0.755871778114634,0.456849936601149,-5.2243936519128
"binary_responses196",0.82292680742519,-1.0147295663768,0.452173183081545,-12.4488127809328
"binary_responses197",0.983197623716658,0.0372147437169426,0.448131634106751,-8.5194460732439
"binary_responses198",0.914248380484603,-0.261109347403264,0.445257006298132,-9.21383229427907
"binary_responses199",0.987344946740205,-0.154229431806647,0.450095350010997,NA
"binary_responses200",1.00027852181941,0.0243851695398285,0.456323011026711,NA
"binary_responses201",0.716937335663281,-1.06992773128754,0.453056378982076,-7.75314410388781
"binary_responses202",0.711878325196704,-1.22340518476501,0.449449972894539,-8.87010520026038
"binary_responses203",0.947461060215922,-0.350579811358622,0.460994232398948,-19.4272407603972
"binary_responses204",0.99175154366337,-0.354158538924188,0.459660651251825,NA
"binary_responses205",0.978137893796575,0.00151231031666908,0.441732352982777,-8.38060931403325
"binary_responses206",0.90354333664937,-0.271841130592847,0.439702315648698,-9.05048752357761
"binary_responses207",0.926995982141878,-0.251179880842402,0.439120633466779,-10.4918511241928
"binary_responses209",0.632697733001123,-0.969339822607393,0.451560900166132,-5.70718851964427
"binary_responses210",0.776543171853864,-0.550243421867433,0.457902739541457,-5.70161530163029
"binary_responses211",0.755190525731387,-0.761463432017723,0.456048456523573,-6.68900174029219
"binary_responses212",0.984412353908712,0.0194645999152608,0.463412534814964,-8.30623823675672
"binary_responses213",1.02766136031503,0.200047144535506,0.467989783261606,-4.72756247687826
"binary_responses214",1.134785022538,0.451052114875552,0.473181742248344,-4.72776092027877
"binary_responses215",1.06512379380223,0.33684502986562,0.475657533789038,-7.36651906749396
"binary_responses216",1.02869631577275,0.269330703804465,0.469621986811107,-53.3494033284588
"binary_responses217",1.14997369249089,1.07858363343569,0.4549247721213,-23.55611123476
"binary_responses218",1.12735391028538,0.800901576962027,0.451652615581229,-22.157299597626
"binary_responses219",1.01396652193235,0.188076573759395,0.455151282097945,NA
"binary_responses220",1.09200300368317,0.677773053362986,0.453674975907526,-28.1109913882293
"binary_responses221",0.878051108423506,-0.48357375497642,0.434978838105143,-10.8514060340378
"binary_responses222",1.04046167972594,0.269229094775696,0.440590242662553,-12.7139925778331
"binary_responses223",1.02849370052499,0.259263603558479,0.453313669832439,-37.6674044219973
"binary_responses225",0.834424658175681,-0.541856233240099,0.447967825785191,-7.07585567875858
"binary_responses226",0.792938671383077,-0.670783309299252,0.447704509780959,-7.58306881862655
"binary_responses227",0.882800577410124,-0.814252957651073,0.450801264201125,-19.3635528307509
"binary_responses228",0.934918172808769,-0.500526040870545,0.456320733772086,NA
"binary_responses229",0.969144140445885,-0.296315274444545,0.459007016001108,NA
"binary_responses230",0.975464759597069,-0.38200359207951,0.457976352892785,NA
"binary_responses231",0.965065261124065,-0.553389425123833,0.45624766237459,NA
"binary_responses233",1.05878760292397,0.71953158533752,0.473362033111108,NA
"binary_responses234",1.07447679124524,0.781302522532866,0.475084741486644,NA
"binary_responses235",1.09134061467478,1.22895008762707,0.473458803055449,NA
"binary_responses236",1.07139645909968,0.825020308403631,0.47176524612988,NA
"binary_responses237",1.02279708902256,0.407628204072991,0.45468555047702,NA
"binary_responses238",0.805915345619038,-0.261137326011966,0.432266156636695,-4.86239268103412
"binary_responses239",0.985671237586428,-0.205427844460718,0.450520691299492,NA
"binary_responses240",0.993982383311856,0.131561986634223,0.436058611436799,-5.41040334527928
"binary_responses241",1.01241752421833,0.13433407004902,0.451023789954132,-25.607115339119
"binary_responses242",0.918213497494064,-0.363078932515762,0.441539059160605,-13.2103677792621
"binary_responses243",0.993471399366236,NA,0.454415722568525,NA
"binary_responses244",0.92348559003526,-0.680559589508385,0.441944051399833,-55.9638256462109
"binary_responses245",0.968492920995891,0.0619690582074448,0.46859116922139,-4.73392088865838
"binary_responses246",1.11721984776979,0.3895270804288,0.467361831913844,-2.72923339742702
"binary_responses247",1.13253518965854,0.60422506549463,0.474283863392779,-9.19827074755838
"binary_responses248",1.15706131708629,0.451137582947877,0.47053259082569,-3.25516691575309
"binary_responses249",1.01616537871106,0.352965428490093,0.457885390785651,NA
"binary_responses250",1.09153479561382,0.393115982512905,0.442640366312392,-7.61383389052179
"binary_responses251",0.99987329080014,NA,0.456712884892964,NA
"binary_responses252",1.10120587982247,0.608374312062722,0.456486679779994,-15.3518238221375
"binary_responses253",1.03249480259813,0.530011505787753,0.464830854379169,NA
"binary_responses254",0.665024490375718,-0.445670552366954,0.462301203900816,-3.2793127576469
"binary_responses255",1.01717505338599,0.153586738597194,0.472971357175781,-6.76744476230515
"binary_responses256",0.630412359947565,-0.356556468740785,0.461435459187387,-2.74586116505402
"binary_responses257",1.17495812237279,1.34814768800488,0.474198411709444,-28.9883595667792
"binary_responses259",0.847078881428067,-0.105250211161008,0.456579023118935,-3.76635711828816
"binary_responses262",1.33575806765803,0.765305235821907,0.446409511340006,-4.2712926673189
"binary_responses263",1.01725081931383,0.151564961605256,0.448567798226277,-10.0013774253253
"binary_responses264",1.33575806765803,0.770608230136015,0.446409511340006,-4.2712926673189
"binary_responses265",1.17142542226951,0.877806973996817,0.47752702795936,-9.94637566953423
"binary_responses267",1.03869430002453,0.236661984321297,0.467830020901663,-4.24594305452326
"binary_responses273",0.619212723166141,-0.757460790253127,0.454835535081027,-3.79481408461997
"binary_responses274",0.882304097759864,-0.172813879855905,0.458446521881627,-5.20875295609509
"binary_responses275",1.00393419906614,0.133928454145623,0.463980514284761,-5.2028089149157
"binary_responses276",1.34196879439708,1.54711996001955,0.475442961532948,-11.6433268687079
"binary_responses277",0.904304145923302,-0.181327669422035,0.430955690273794,-7.06609316783801
"binary_responses278",1.14178713306924,0.540079322026447,0.438307238982543,-7.68215791645869
"binary_responses279",1.39557964157594,1.46361809343945,0.447952706644808,-9.03045752236463
"binary_responses280",1.00177346202808,0.0512774630608869,0.448409527692629,NA
"binary_responses281",0.925600469600278,-0.192228797831986,0.435960784016497,-8.9571655062905
"binary_responses282",1.02511433027462,0.215340652699776,0.446381250537352,-17.5525977261719
"binary_responses283",1.00038782300845,NA,0.456934977128562,NA
"binary_responses285",0.932484283065092,-0.122112895241747,0.439925900225299,-7.1302524159555
"binary_responses286",0.938010899166869,-0.0216035335644966,0.441091316856929,-5.97841236485724
"binary_responses287",1.00832626364526,0.116130825505936,0.444719893184904,-9.81515554163391
"binary_responses288",1.07030903051378,0.432105561421721,0.451973146624402,-15.1365957402628
"binary_responses289",1.23794273494908,1.40654556428297,0.453424532046558,-17.7130571528326
"binary_responses290",1.12766006522785,0.901236218805334,0.45084184488159,-22.0706482848767
"binary_responses291",1.0486101883321,0.405194409050991,0.453038974109735,-35.7503506396188
"binary_responses292",0.998836213902978,-0.00521249221782455,0.452558393373622,NA
"binary_responses294",1.04419067430339,0.33583527115787,0.447023632451088,-2.3924076275563
"binary_responses295",0.788863794800415,-0.0157629805446262,0.444017663392251,-2.3988461927991
"binary_responses296",0.995063090573582,0.195122000883866,0.448859531656544,-3.68923623801049
"binary_responses297",1.07481421519859,0.536728059117065,0.457140725632641,-21.9006497753397
"binary_responses298",1.00503823131825,0.108623010461082,0.455196119603306,NA
"binary_responses299",1.01577458194396,0.226852100301518,0.455365926439579,NA
"binary_responses300",1.00079899799976,NA,0.45590088145073,NA
"binary_responses301",0.901279336295308,-0.017268727302644,0.429181578321164,-4.25983219121909
"binary_responses302",1.25976784310383,0.698855759456174,0.433212501014702,-4.79835209439001
"binary_responses303",1.1605551233319,0.668626801556356,0.448631208508497,-8.91913604904443
"binary_responses304",1.05319208192539,0.707698347274972,0.456721776779961,NA
"binary_responses305",0.862317031534733,-0.563840507112071,0.461116808524677,-10.4745752689331
"binary_responses306",0.995026911309238,0.00898761618107599,0.46483725084753,-24.784704506545
"binary_responses307",0.978132778283869,-0.414483967340462,0.458424283832119,NA
"binary_responses308",0.984991113057914,-0.786518117340487,0.458124190035427,NA
"binary_responses309",1.02044456726432,0.19323605186102,0.473752188009788,-4.24523988457939
"binary_responses310",1.0538327054275,0.486551618010269,0.474750905206142,-46.8107239273436
"binary_responses311",1.21131966757495,0.614326571245034,0.476175034900449,-4.23744920541765
"binary_responses312",1.0523978468527,0.330856519945747,0.468008493661096,-12.0681151775366
"binary_responses313",1.00113725693251,0.0563752543775227,0.445619428871062,-18.9265563382667
"binary_responses314",0.97159643034864,-0.101129142497411,0.44314536547706,-17.3341527932511
"binary_responses316",0.994043374290824,0.00342263189702911,0.446633881660634,-26.3011635913866
"binary_responses317",1.0374634847406,0.235593855716253,0.448149727224494,-11.2370986987636
"binary_responses318",0.948589327754507,-0.479464239501941,0.441541119264878,NA
"binary_responses319",0.819341625780532,-0.245139781678132,0.426292856451905,-4.80820151981554
"binary_responses320",1.03142762667756,0.205503219780172,0.444398147510965,-8.85803037888497
"binary_responses321",0.951158089182267,0.0291695315819028,0.442314083269099,-4.83758211828129
"binary_responses322",1.15983322130311,0.997254371196528,0.451629521339747,-18.7715525929888
"binary_responses323",0.968471864184991,0.0240522498409958,0.443474932526855,-5.96942081403238
"binary_responses324",1.02234208215169,0.172198775905751,0.440992595780179,-10.3817673435183
"binary_responses325",1.42794908154079,1.71360038930181,0.481044555741652,-8.5718214124556
"binary_responses326",1.01386546436752,0.279980718837624,0.465456720638128,NA
"binary_responses327",0.999211966323857,0.102246992655592,0.463313646986889,-6.60902994856146
"binary_responses328",0.991362876067384,0.0137939492684435,0.465288105912973,-12.9695570042723
"binary_responses329",1.1961977640229,0.945483993617693,0.44341323062105,-11.7601011283865
"binary_responses330",1.0086363228272,NA,0.457539958311024,NA
"binary_responses331",1.09507169237763,0.385076751089415,0.430132391620018,-6.95208602461778
"binary_responses332",1.0771155967628,0.678523896421559,0.453713418737053,-34.4641354474142
"binary_responses334",0.917184826388554,0.189033187518322,0.445943994124246,-2.3950876060523
"binary_responses335",1.19106413054275,1.31603487578483,0.464686675157556,-20.9681174279966
"binary_responses336",0.917184826388554,0.208555496014681,0.445943994124246,-2.3950876060523
"binary_responses337",1.00532131415119,0.192623393352675,0.456229600927648,NA
"binary_responses339",1.15438754186557,0.493197230318486,0.450654875156725,-5.42118048025314
"binary_responses342",1.32129310413993,0.632122686533756,0.439849137506327,-1.60949758334732
"binary_responses343",1.3770537267288,1.07585891114231,0.455295004911682,-6.00879086621531
"binary_responses344",1.32129310413993,0.635342949862999,0.439849137506327,-1.60949758334732
"binary_responses345",1.01992866863361,0.939169266435354,0.466841528659498,NA
"binary_responses346",0.641749082253731,-0.487607600522105,0.460442543560654,-3.28380948925181
"binary_responses347",0.973795016438967,-0.0159530346465404,0.465202710191232,-7.67720778248992
"binary_responses348",0.983080918824403,0.126499134817348,0.466518353664415,-4.25698398100085
"binary_responses349",0.995453080914239,-0.060820099090878,0.45202942229897,NA
"binary_responses351",0.957310221709322,-0.274592259069656,0.441997044653926,-39.4132531691307
"binary_responses352",1.0023163732413,0.0557435783722911,0.450551077697447,NA
"binary_responses353",1.07977447483481,0.800036002921999,0.460039332059506,NA
"binary_responses354",1.04755607086021,0.425372792773619,0.453696687278831,-86.5304618792703
"binary_responses355",1.34281908634953,0.960544075327303,0.45321295715364,-5.42559191918336
"binary_responses356",1.2516959688637,0.802644308398869,0.451908810552197,-6.6108231954431
"binary_responses357",1.04458313758906,0.412113150790029,0.448914601826946,-36.1135534985969
"binary_responses359",0.985010105769179,-0.144065139437653,0.448043859629075,NA
"binary_responses360",0.982529655701199,-0.377726334391571,0.449978729164403,NA
"binary_responses361",1.01321115040434,0.483868021299975,0.458814084254655,NA
"binary_responses362",1.00006204811923,NA,0.456795339634161,NA
"binary_responses363",0.84674786108701,-0.406848430901274,0.42734879640424,-7.5187393811193
"binary_responses364",0.909444820598274,-0.383973482185321,0.437542847498887,-12.6253291106418
"binary_responses365",1.06898921313185,0.439024006347031,0.453947790236881,-13.2986145029264
"binary_responses366",0.490630991962391,-0.658604541927812,0.428408493341522,-3.09738624579577
"binary_responses367",1.07234052825471,0.547934894520355,0.455637267144116,-19.8832037090977
"binary_responses368",0.846100954312982,-0.223881037628807,0.437320954809078,-5.37412557290766
"binary_responses369",0.998855839553633,0.026906606887352,0.448408791773304,NA
"binary_responses370",0.993085657585181,-0.0830105142156661,0.452394496956792,NA
"binary_responses371",0.999764173627419,NA,0.456628915494347,NA
"binary_responses373",0.994247514126353,-0.0109713447942522,0.447128353745822,NA
"binary_responses374",0.99543008303592,-0.0150066960892382,0.448148692832362,NA
"binary_responses375",1.00054393222399,NA,0.456502179546415,NA
"binary_responses377",0.913909394939596,-0.0556849446031801,0.4193908489498,-5.34770465461135
"binary_responses378",0.89416918313519,-0.171462138606287,0.421317289503734,-5.87182811510887
"binary_responses379",0.821829154567144,-0.564884463063318,0.431756843400923,-8.71261529781136
"binary_responses380",1.0363430673691,0.404533793047196,0.451291056657324,NA
"binary_responses384",1.18863197877161,0.509778660991659,0.449175877161061,-4.27463606630077
"binary_responses385",0.671498041137291,-0.145326995784397,0.440837019346306,-2.40520818547127
"binary_responses386",0.671498041137291,-0.141648930735072,0.440837019346306,-2.40520818547127
"binary_responses387",0.985835539886873,-0.0796467522238441,0.447045857171017,-65.7605810758284
"binary_responses388",1.11051995103311,0.575656686487167,0.453561933014221,-10.9926129008427
"binary_responses389",0.516162517946591,-0.622228640029188,0.437122835582731,-3.09434371919013
"binary_responses390",0.698566904694096,-0.441895349026713,0.439371326903701,-3.70829504132207
"binary_responses391",0.976464363988343,-0.326364093825849,0.447147894706104,NA
"binary_responses392",1.11343084351343,0.87062769454278,0.458770772051866,-26.5176763671816
"binary_responses393",0.7631022581581,-0.366245400357292,0.440530440173054,-4.86548020705039
"binary_responses394",0.765300138522539,-0.652649584052239,0.435238219004857,-7.06139788643777
"binary_responses395",0.964717231707495,-0.111745810618008,0.445448143934142,-13.4662308716372
"binary_responses396",0.999799988374471,NA,0.456699476508384,NA
"binary_responses397",1.45834591649798,0.732251405136986,0.44014814417664,-1.60884432213547
"binary_responses398",0.572788386085965,-0.0700686671869703,0.435868901950206,-1.61730698809774
"binary_responses399",0.747985584458352,-0.222804074254963,0.44383671248222,-3.07886610099539
"binary_responses400",0.993384999012431,0.0121657134554301,0.446165797460605,-19.7888746152296
"binary_responses401",0.656763336097161,-0.823090693253222,0.451331966409117,-4.75831551677465
"binary_responses402",0.656763336097161,-0.71125304212083,0.451331966409117,-4.75831551677465
"binary_responses403",0.994401609375003,-0.156873768507381,0.460642282902616,NA
"binary_responses404",0.971601821161939,-0.320096344924851,0.459218011451875,NA
"secondary_binary_responses7",1.02604966428786,0.219719393690179,0.54656081508785,-15.808008690937
"secondary_binary_responses8",0.980525979324698,-0.113251779636487,0.544793298033848,-22.0117751068321
"secondary_binary_responses9",0.928103873407598,-0.317097032587135,0.546616408658653,-9.94534284611675
"secondary_binary_responses11",0.990432013428313,-0.00506784981780096,0.551035227687615,-11.654402670423
"secondary_binary_responses14",1.00040137433409,0.0321596151429634,0.543674244770081,NA
"secondary_binary_responses17",0.994747181265122,-0.0330387597287156,0.541462340410149,NA
"secondary_binary_responses18",0.981907536797858,-0.122869475216993,0.538805271298734,NA
"secondary_binary_responses19",0.955050481647135,-0.273568900949591,0.546252114547012,-15.3622137460102
"secondary_binary_responses20",0.96061832821031,-0.212881903014965,0.546259047745332,-14.8806963264185
"secondary_binary_responses23",0.927929426046364,-0.617956314539952,0.534731421008448,NA
"secondary_binary_responses24",0.925103102511658,-0.65975533174476,0.535688334615658,-77.0002749002909
"secondary_binary_responses25",0.944041055426413,-0.392450625181938,0.523750093606814,-38.1739394067371
"secondary_binary_responses29",0.936660230425573,-0.332253509546584,0.527781012606747,-12.6970476700092
"secondary_binary_responses31",0.879248305926903,-0.854030816287817,0.515112787342654,-23.4916695914093
"secondary_binary_responses32",0.981075641663057,-0.246753121403119,0.531569403916626,NA
"secondary_binary_responses33",0.867274052126664,-0.86101339543684,0.51455864167324,-19.0150304156948
"secondary_binary_responses34",0.956666325620494,-0.574065196839982,0.534614360400986,NA
"secondary_binary_responses35",0.985928612124736,-0.247889469034854,0.538945611134422,NA
"secondary_binary_responses36",0.988799910629499,-0.117652558117612,0.540773887980642,NA
"secondary_binary_responses37",0.956313699887932,-0.558873722117642,0.534939921568742,NA
"secondary_binary_responses38",0.961170395483977,-0.451142517589962,0.535276301529896,NA
"secondary_binary_responses39",0.949867571172067,-0.593537803806203,0.535014241334173,NA
"secondary_binary_responses40",0.930422325588466,-0.580441103019817,0.533899440525047,NA
"secondary_binary_responses41",0.972591801985161,-0.377528731129454,0.53752702414754,NA
"secondary_binary_responses42",0.922806067446768,-0.571416781986236,0.534152431919085,-33.3785854345101
"secondary_binary_responses49",1.00313558515026,0.0781000350276317,0.538320284873556,NA
"secondary_binary_responses50",1.0037403177827,0.0708602089447346,0.529532101091896,NA
"secondary_binary_responses51",1.00250958247312,0.058164017645793,0.532316880414624,NA
"secondary_binary_responses52",0.986635938145808,-0.089893745896232,0.546485938865368,NA
"secondary_binary_responses53",0.973623055315444,-0.114523177958265,0.547545676336519,-14.8493933965691
"secondary_binary_responses55",0.956337063595788,-0.388639933951295,0.539354588389894,NA
"secondary_binary_responses56",0.946763224536223,-0.426268367993374,0.537756711742629,NA
"secondary_binary_responses57",0.957837742812879,-0.394194143569622,0.53917903040719,NA
"secondary_binary_responses67",0.942903593629593,-0.487309923479379,0.524332888815947,NA
"secondary_binary_responses68",0.955327045242073,-0.424617556268773,0.526619918546186,NA
"secondary_binary_responses69",0.997317772399771,-0.0163298363543531,0.534056926247949,NA
"secondary_binary_responses72",1.00392889704348,0.0735513910628351,0.55152023558934,-19.0503834653535
"secondary_binary_responses73",0.945758331909882,-0.566799127764281,0.535852947105304,NA
"secondary_binary_responses74",0.940714323260114,-0.544948262425415,0.535530676250117,NA
"secondary_binary_responses75",1.00790919838845,0.15487831600225,0.543297072673213,NA
"secondary_binary_responses79",0.955251154530565,-0.225706615260678,0.530528312877284,-15.0765460725138
"secondary_binary_responses80",0.969667323748948,-0.180889474218275,0.531763238616092,-18.7709172956741
"secondary_binary_responses82",0.959672101016795,-0.278192697197197,0.529345586402555,-43.5816640902308
"secondary_binary_responses83",0.965140799691383,-0.334236860916544,0.529278652439541,NA
"secondary_binary_responses85",1.04777503873269,0.383768812569708,0.547716859737503,-19.4127910275559
"secondary_binary_responses86",1.02359256634466,0.305894418025313,0.547184883286244,NA
"secondary_binary_responses87",1.03397748733771,0.290084612580325,0.544042019008572,-19.3347713052804
"secondary_binary_responses88",1.00744439536624,0.129560307151214,0.536506973900432,NA
"secondary_binary_responses89",0.939145844263863,-0.342282039584527,0.523866003410655,-14.6850909134946
"secondary_binary_responses90",0.974898191372321,-0.201895639143895,0.529287768675063,NA
"secondary_binary_responses91",1.02621184379289,0.276529988788009,0.545351257254051,-162.282423339712
"secondary_binary_responses92",0.998871207686131,0.0133862615650373,0.54237944310166,NA
"secondary_binary_responses93",0.912289293381212,-0.621760873484435,0.535027582477263,-20.6550165602537
"secondary_binary_responses94",0.982656228899865,-0.148603628024706,0.53100927743209,NA
"secondary_binary_responses95",1.00250863500166,0.0807226985513865,0.539201329081412,NA
"secondary_binary_responses96",0.946666535138156,-0.403657472294725,0.521855050487967,-48.671121860075
"secondary_binary_responses103",0.981759446676558,-0.154665894804019,0.541648103475116,NA
"secondary_binary_responses105",0.995899551460298,-0.0496037780925409,0.541823136720906,NA
"secondary_binary_responses106",0.985012105576895,-0.204617413192342,0.539833632990749,NA
"secondary_binary_responses111",0.968095980570531,-0.217988476065179,0.547391445005865,-23.5817037907787
"secondary_binary_responses114",1.04081470013809,0.526875938835813,0.552717823210363,NA
"secondary_binary_responses116",0.91688484390394,-0.44268222576718,0.539821045112354,-11.6260836884684
"secondary_binary_responses123",1.09630610772353,0.713950534023501,0.554378965224221,-20.1089770381565
"secondary_binary_responses124",0.965379843419972,-0.191846080466579,0.544569304272947,-15.0215181880418
"secondary_binary_responses125",0.969307754014456,-0.177782465939144,0.544568888091762,-18.9056933938552
"secondary_binary_responses127",0.977012398317959,-0.131274736897938,0.544597938710622,-23.200174090088
"secondary_binary_responses128",0.976359787843585,-0.179376650994671,0.543956144748345,-107.166930360892
"secondary_binary_responses132",0.947159220985577,-0.218050784705395,0.550308081279953,-10.2481460521383
"secondary_binary_responses134",0.994345146449668,0.0284145850219075,0.548641114296425,-9.83737026100022
"secondary_binary_responses135",0.990666238603247,-0.11709780688775,0.542007036298059,NA
"secondary_binary_responses136",0.933168295764308,-0.492399465061951,0.536298087383159,-22.366562674826
"secondary_binary_responses137",0.997280942490957,-0.0375682889709165,0.54209038184673,NA
"secondary_binary_responses138",0.98358817299592,-0.256732713428956,0.5391607287885,NA
"secondary_binary_responses144",0.978286503729229,-0.173518440407979,0.542146937631171,NA
"secondary_binary_responses147",1.01471718587423,0.150285523830758,0.465302871516774,-22.4143430220545
"secondary_binary_responses148",0.942595640629183,-0.436299138769655,0.440643212171549,-67.4907804974767
"secondary_binary_responses149",0.928551791683756,-0.582094075238982,0.4389641648427,-243.608191501201
"secondary_binary_responses151",0.931743699546479,-0.500640167804174,0.457629927919077,-22.6364236677089
"secondary_binary_responses152",0.930558926444536,-0.449348272559249,0.457425479239612,-22.5493870576426
"secondary_binary_responses153",0.976699776271476,-0.587558958838324,0.458274740206601,NA
"secondary_binary_responses156",0.945218214200278,-0.292113854031594,0.437532068268464,-20.8058898968434
"secondary_binary_responses160",0.965698232639933,-0.51186235518388,0.458228068680139,NA
"secondary_binary_responses161",0.964028980759049,-0.366269424165446,0.458651180452,NA
"secondary_binary_responses162",0.981297221507681,-0.679657189592427,0.457296131978521,NA
"secondary_binary_responses167",1.10052765848044,0.737257858863242,0.453149418692266,-28.2120207884013
"secondary_binary_responses168",1.07041027246892,0.657725111011889,0.453058488733778,NA
"secondary_binary_responses169",1.00015644541219,0.0194412082950707,0.460957444950928,NA
"secondary_binary_responses170",1.00637090994482,0.137465163984807,0.461530395575924,NA
"secondary_binary_responses171",0.992492939592956,NA,0.458994145643476,NA
"secondary_binary_responses172",0.993139777783658,-0.467269469266682,0.459324759237886,NA
"secondary_binary_responses178",0.867233104276998,-0.89120650529275,0.433227812349221,-20.4857577520248
"secondary_binary_responses180",0.897220624298707,-0.691694587478273,0.436814127649744,-37.437349793312
"secondary_binary_responses181",1.06441707030686,0.7831608675898,0.457442700766349,NA
"secondary_binary_responses182",0.919234631895371,-0.53312559332572,0.439629598102308,-29.1456137520273
"secondary_binary_responses183",0.963279460248518,-0.525613128720196,0.446893338018737,NA
"secondary_binary_responses188",0.921779871403952,-0.485094376871958,0.441217904247769,-20.3459454609617
"secondary_binary_responses189",0.988055734164405,-0.0550255930392777,0.44802806876022,-63.2446884676984
"secondary_binary_responses191",1.00107178278136,0.0410350538556088,0.463423710046008,NA
"secondary_binary_responses194",1.0031310328474,0.0689430103764937,0.46370879968977,NA
"secondary_binary_responses202",0.974831798797268,-0.53919172622503,0.44718051347512,NA
"secondary_binary_responses203",0.964181335730471,-0.502481371518441,0.446328134089263,NA
"secondary_binary_responses204",0.965377276620761,-0.529173501551217,0.445967501319224,NA
"secondary_binary_responses205",0.971210216399121,-0.493102154175156,0.456418303027666,NA
"secondary_binary_responses206",0.973252360952068,-0.714990467431268,0.456066690061525,NA
"secondary_binary_responses207",0.978153390089837,-0.960014285499581,0.456887638774978,NA
"secondary_binary_responses208",0.963490830591775,-0.523104287872957,0.44388934247421,NA
"secondary_binary_responses209",0.996130119991523,NA,0.453068061082132,NA
"secondary_binary_responses210",0.999001336574734,NA,0.455973057529635,NA
"secondary_binary_responses211",0.828668021020634,-1.27251723543549,0.429120428158693,-22.5080346746182
"secondary_binary_responses212",0.922770082765389,-0.644745499653949,0.437964265748942,NA
"secondary_binary_responses217",1.0000819308991,NA,0.456781832055272,NA
"secondary_binary_responses226",0.926251664587057,-0.556119450488405,0.440517161176077,NA
"secondary_binary_responses227",0.937172610905158,-0.744966289433419,0.441583187528951,NA
"secondary_binary_responses228",0.977888735500287,-0.299855252278706,0.448128900808524,NA
"secondary_binary_responses229",0.944321343454749,-0.596466070344706,0.456974382474105,NA
"secondary_binary_responses230",0.980708619492241,-0.966101696463703,0.458315932367583,NA
"secondary_binary_responses232",0.977207366770966,-0.409369931008558,0.458086596555397,NA
"secondary_binary_responses234",0.953832665123315,-0.866919741663114,0.455999779367983,NA
"secondary_binary_responses235",1.00679377987483,0.0993930133669144,0.449619539149168,NA
"secondary_binary_responses236",1.06214298363832,0.49343774017949,0.450204393595486,-28.4163444926849
"secondary_binary_responses237",0.975408664412998,-0.137578228359056,0.44567305257467,-53.290371614851
"secondary_binary_responses238",0.997362205591166,NA,0.455764788151438,NA
"secondary_binary_responses239",0.977359280215397,-0.218372561926675,0.447636699846215,NA
"secondary_binary_responses240",0.99854405709961,NA,0.455850557839607,NA
"secondary_binary_responses244",0.957363778210583,-0.599179517419242,0.458203127378613,NA
"secondary_binary_responses245",0.989769931344499,-0.0669411464428481,0.458619906569523,NA
"secondary_binary_responses246",0.99616408212025,-0.195464214843907,0.46036659030041,NA
"secondary_binary_responses247",0.958176326822076,-0.53427849346314,0.444130226936266,NA
"secondary_binary_responses248",0.943094778194504,-0.708062681624431,0.441358507959776,NA
"secondary_binary_responses249",0.991644850472564,-0.310723640540301,0.45384527951483,NA
"secondary_binary_responses251",0.975437535202386,-0.341173882851135,0.44844656919355,NA
"secondary_binary_responses260",0.966038330354657,-0.390450592377736,0.459980138806916,NA
"secondary_binary_responses262",1.0000374075371,NA,0.456310141922165,NA
"secondary_binary_responses263",1.05325545027554,0.734934639782253,0.457731420270872,NA
"secondary_binary_responses264",1.02289789956647,0.48739258367203,0.458664392894855,NA
"secondary_binary_responses266",0.997689149634401,NA,0.455612645188666,NA
"secondary_binary_responses267",0.985529114225351,-0.377256608552044,0.451541837211685,NA
"secondary_binary_responses268",0.973190523688671,-0.954638959854253,0.448475671433237,NA
"secondary_binary_responses269",0.960175124867443,-0.652804131521891,0.445545484844708,NA
"secondary_binary_responses270",0.987991126976482,NA,0.452680454289019,NA
"secondary_binary_responses272",0.89554155930939,-0.633210903007992,0.432881712645169,-21.6774317557998
"secondary_binary_responses273",0.958259784247145,-0.472238655791649,0.444680520309468,NA
"secondary_binary_responses274",0.932397586495652,-0.921461973945172,0.439732570409081,NA
"secondary_binary_responses276",0.931433670210798,-0.821702618761474,0.439477143686945,NA
"secondary_binary_responses277",0.9872060535374,-0.57524242002656,0.451552972109808,NA
"secondary_binary_responses278",0.998086770523557,NA,0.455928361904997,NA
"secondary_binary_responses280",1.04316209239626,0.762983072111578,0.455539885982603,NA
"secondary_binary_responses281",1.02377251243877,0.443728817408402,0.457377283218579,NA
"secondary_binary_responses283",0.982143691250814,-0.132151157569236,0.44767237018645,NA
"secondary_binary_responses284",0.993391898862267,-0.0619740684452412,0.450810578265733,NA
"secondary_binary_responses285",0.965070679181664,-0.341149661914556,0.444297077985362,NA
"secondary_binary_responses291",0.999510599634001,NA,0.456525302301324,NA
"secondary_binary_responses294",0.998967050808888,0.000923934874809174,0.454235951853006,NA
"secondary_binary_responses297",0.934953879061967,-0.423451091712954,0.440737171238063,-20.0908003868286
"secondary_binary_responses299",0.922921692015518,-0.51569445508986,0.441050990416935,-27.5140774865768
"secondary_binary_responses301",0.800129956089544,-1.26369384493001,0.444871145305363,-14.6296455897679
"secondary_binary_responses302",0.800129956089544,-1.08397812134188,0.444871145305363,-14.6296455897679
"secondary_binary_responses303",1.00266760501378,NA,0.461666991367329,NA
"third_binary_responses9",0.984729201824456,-0.239497185044252,0.539388837735,NA
"third_binary_responses10",0.980259141836446,-0.238493001559763,0.53947773471077,NA
"third_binary_responses11",0.999443997400584,0.0028456460343357,0.543358177708507,NA
"third_binary_responses12",0.998692986142581,0.00366592169371914,0.543194953791962,NA
"third_binary_responses15",0.966633097034937,-0.434188088854883,0.534771632774253,NA
"third_binary_responses16",0.972060567033086,-0.271527646946961,0.537267848857551,NA
"third_binary_responses51",0.960753776704265,-0.293185359107339,0.522950471768693,-42.0208198223266
"third_binary_responses52",0.960753776704265,-0.265633526979668,0.522950471768693,-42.0208198223266
"third_binary_responses53",0.94813785076597,-0.279782369000863,0.522670381217096,-14.1896817998782
"third_binary_responses54",0.959517188818699,-0.240485246118828,0.523157077784248,-20.5188296914228
"third_binary_responses55",0.990537923222329,-0.0177464545306632,0.527261918889182,-18.7838270051997
"third_binary_responses56",0.985245995418758,-0.076206484792672,0.527414755083862,-30.5323971383726
"third_binary_responses69",1.01085575701947,0.155167738225497,0.545005076127205,NA
"third_binary_responses70",0.997880096066012,-0.0394312960228192,0.54235037148545,NA
"third_binary_responses75",0.969266119040826,-0.328621991649687,0.538653907417635,NA
"third_binary_responses77",0.992927148272824,0.0128613595218143,0.551374949377441,-11.2391306394254
"third_binary_responses78",0.991423866922154,0.00509237983088165,0.549907870661462,-12.8612434335542
"third_binary_responses79",0.913951082794161,-0.581883487289627,0.519004347613118,-18.5080434052309
"third_binary_responses80",0.913096436344126,-0.592552949539647,0.518149367493211,-21.9044393280929
"third_binary_responses83",0.961989428502576,-0.312987317715949,0.539879548820948,NA
"third_binary_responses84",0.95867227301133,-0.365595530976198,0.538406766443287,NA
"third_binary_responses85",1.09660013185585,0.615867529057509,0.560482424771342,-12.7801591487439
"third_binary_responses86",1.04283876653692,0.386649151938038,0.554482118045794,-24.3723881412828
"third_binary_responses89",1.06224143384924,0.590656820851972,0.555765704741061,NA
"third_binary_responses90",1.04689580215779,0.536462589854183,0.553166729219636,NA
"third_binary_responses95",0.993720615289839,-0.071054381464609,0.540627977842718,NA
"third_binary_responses99",1.01142470532476,0.137360012305342,0.451152785485621,-73.8090958257751
"third_binary_responses100",0.984388325646807,-0.0839793951806497,0.448371167384831,NA
"third_binary_responses119",0.956445248217499,-0.338152281621007,0.442344238663536,NA
"third_binary_responses120",0.95970975867154,-0.373157902581778,0.443908865750192,NA
"third_binary_responses125",0.968078169324727,-0.651789870742953,0.447808384054963,NA
"third_binary_responses126",0.984243927170834,NA,0.451722827938795,NA
"third_binary_responses141",0.972898363229535,-0.367933236811099,0.447641400762633,NA
"third_binary_responses142",0.974880519472237,-0.688513679440803,0.44869072932942,NA
"third_binary_responses153",1.05898477347251,0.465107805327191,0.469472587949882,-25.8827161880024
"third_binary_responses154",1.00374949770401,0.117852975283501,0.46329165598408,NA
"third_binary_responses181",0.96791406527177,-0.383361923584377,0.445453999307165,NA
"third_binary_responses182",0.979493972869033,-0.543504826312581,0.449578263090932,NA
"third_binary_responses183",0.984933906838008,-0.248275598431347,0.448932418022756,NA
"third_binary_responses184",0.987100428666267,-0.602784417528343,0.451266993401321,NA
"third_binary_responses185",0.99687234555376,NA,0.455538215166865,NA
"third_binary_responses187",1.00112921666408,NA,0.456061954549443,NA
"third_binary_responses188",1.00129601523527,NA,0.456578295359461,NA
"third_binary_responses193",0.953979531052317,-0.495336914173636,0.4427336565856,NA
"third_binary_responses194",0.950629116601541,-0.591077252719509,0.441734532538176,NA
"third_binary_responses195",0.909139540469466,-0.691028170169183,0.43624983724839,NA
"third_binary_responses196",0.911632504156545,-0.809134866709368,0.436797931620439,NA
"third_binary_responses201",1.01905083924412,0.213398998520945,0.468319359862817,NA
"third_binary_responses202",1.0169522981827,0.213746756619749,0.468099104193846,NA
