Label,Name,TargetEmo,ComparisonEmo,PercentageCorrect,PercentageFalse,Distance,Ttest,Label1,Label2,Soundtrack,Level,Trials
happy anger,23,8.2089552238806,1.04477611940298,1,0,44.7779330824821,44.7779330824821,2,1,Shallow Grave,1,1
happy sad,23,8.2089552238806,1.1044776119403,1,0,42.3799770523813,42.3799770523813,2,3,Shallow Grave,1,2
happy tender,23,8.2089552238806,1.44776119402985,1,0,33.8731487569371,33.8731487569371,2,4,Shallow Grave,1,3
happy anger,21,6.62686567164179,1,1,0,29.4278810762533,29.4278810762533,2,1,The Rainmaker,1,4
happy anger,105,7.85106382978723,1,1,0,29.0852132109684,29.0852132109684,2,1,Pride & Prejudice,2,5
happy anger,71,6.8936170212766,1.02127659574468,1,0,27.1378713337954,27.1378713337954,2,1,The Untouchables,2,6
happy sad,105,7.85106382978723,1.19148936170213,1,0,27.1007043212284,27.1007043212284,2,3,Pride & Prejudice,2,7
happy sad,21,6.62686567164179,1.11940298507463,1,0,27.0917259297314,27.0917259297314,2,3,The Rainmaker,2,8
happy sad,71,6.8936170212766,1.1063829787234,1,0,26.9262750175914,26.9262750175914,2,3,The Untouchables,3,9
sad anger,33,7.17910447761194,1.07462686567164,1,0,26.8679624613815,26.8679624613815,3,1,The Portait of a Lady,1,10
sad happy,33,7.17910447761194,1.11940298507463,0.985074626865672,0,26.243662187544,26.243662187544,3,2,The Portait of a Lady,1,11
happy tender,105,7.85106382978723,1.4468085106383,1,0,24.0490697829327,24.0490697829327,2,4,Pride & Prejudice,3,12
happy sad,24,6.94029850746269,1.08955223880597,0.985074626865672,0,23.8322993985821,23.8322993985821,2,3,Man of Galilee CD1,3,13
happy anger,25,6.28358208955224,1.08955223880597,0.985074626865672,0,23.3673971746387,23.3673971746387,2,1,Oliwer Twist,3,14
sad happy,109,7,1.02127659574468,1,0,23.2488030925916,23.2488030925916,3,2,Pride & Prejudice,1,15
happy anger,27,6.26865671641791,1.08955223880597,0.985074626865672,0,22.9167631507353,22.9167631507353,2,1,Oliwer Twist,4,16
tender anger,41,6.65671641791045,1.01492537313433,0.985074626865672,0,22.8573124251724,22.8573124251724,4,1,Shine,1,17
happy tender,24,6.94029850746269,1.26865671641791,0.970149253731343,0,22.1940993113552,22.1940993113552,2,4,Man of Galilee CD1,4,18
happy sad,22,6.80597014925373,1.29850746268657,1,0,21.627785065067,21.627785065067,2,3,Batman,4,19
happy anger,22,6.80597014925373,1.32835820895522,1,0,21.5871035683276,21.5871035683276,2,1,Batman,4,20
sad anger,109,7,1.12765957446809,0.978723404255319,0,21.5035764577677,21.5035764577677,3,1,Pride & Prejudice,1,21
sad anger,81,6.38297872340426,1,1,0,20.7781678226093,20.7781678226093,3,1,Juha,1,22
happy anger,24,6.94029850746269,1.26865671641791,0.955223880597015,0,20.4307159828315,20.4307159828315,2,1,Man of Galilee CD1,5,23
anger tender,3,6.3134328358209,1.01492537313433,0.925373134328358,0,20.4095315567356,20.4095315567356,1,4,The Alien Trilogy,1,24
anger happy,92,6.46808510638298,1.02127659574468,1,0,19.921700336228,19.921700336228,1,2,The Fifth Element,1,25
anger tender,92,6.46808510638298,1,1,0,19.8717423757478,19.8717423757478,1,4,The Fifth Element,1,26
tender anger,42,6.05970149253731,1,0.970149253731343,0,19.7657889260137,19.7657889260137,4,1,Pride & Prejudice,1,27
happy tender,22,6.80597014925373,1.50746268656716,1,0,19.6955301346465,19.6955301346465,2,4,Batman,5,28
anger tender,1,6.38805970149254,1.01492537313433,0.955223880597015,0,19.6192723911589,19.6192723911589,1,4,Lethal weapon 3,1,29
sad anger,31,6.77611940298507,1.1044776119403,0.925373134328358,0,19.5867457390616,19.5867457390616,3,1,The English Patient,1,30
sad anger,84,6.17021276595745,1.04255319148936,1,0,19.3875195541507,19.3875195541507,3,1,Blanc,2,31
sad happy,84,6.17021276595745,1.04255319148936,1,0,19.2605817235882,19.2605817235882,3,2,Blanc,2,32
sad happy,81,6.38297872340426,1.12765957446809,1,0,19.1433609504029,19.1433609504029,3,2,Juha,2,33
happy sad,25,6.28358208955224,1.58208955223881,0.955223880597015,0,19.0256381242737,19.0256381242737,2,3,Oliwer Twist,5,34
anger tender,5,6.13432835820895,1.07462686567164,0.970149253731343,0,18.8157435906955,18.8157435906955,1,4,The Fifth Element,1,35
happy tender,71,6.8936170212766,1.78723404255319,0.978723404255319,0,18.7433361268659,18.7433361268659,2,4,The Untouchables,5,36
tender anger,106,6.57446808510638,1,0.978723404255319,0,18.7309132481871,18.7309132481871,4,1,Lethal weapon 3,1,37
anger happy,5,6.13432835820895,1.07462686567164,0.955223880597015,0.0149253731343284,18.3619590411618,18.3619590411618,1,2,The Fifth Element,2,38
sad anger,34,6.11940298507463,1.13432835820896,0.940298507462687,0,18.3323047608732,18.3323047608732,3,1,Big Fish,2,39
anger happy,1,6.38805970149254,1.2089552238806,0.940298507462687,0.0149253731343284,18.1552752410758,18.1552752410758,1,2,Lethal weapon 3,2,40
sad happy,31,6.77611940298507,1.25373134328358,0.940298507462687,0.0149253731343284,17.4138463847653,17.4138463847653,3,2,The English Patient,2,41
happy sad,79,6.59574468085106,1.02127659574468,0.978723404255319,0,17.3381537812499,17.3381537812499,2,3,Batman,6,42
anger happy,3,6.3134328358209,1.3134328358209,0.91044776119403,0.0149253731343284,17.1468935217668,17.1468935217668,1,2,The Alien Trilogy,2,43
sad anger,50,5.28358208955224,1.01492537313433,0.91044776119403,0,16.5222342103292,16.5222342103292,3,1,Oliwer Twist,2,44
happy anger,73,6.36170212765957,1.04255319148936,0.936170212765957,0.0212765957446809,16.517329305738,16.517329305738,2,1,Shine,6,45
tender anger,28,5.34328358208955,1.01492537313433,0.955223880597015,0,16.4331867079108,16.4331867079108,4,1,Grizzly Man,2,46
tender anger,39,5.08955223880597,1.05970149253731,0.955223880597015,0,16.2503060851018,16.2503060851018,4,1,Shakespeare In Love,2,47
happy tender,79,6.59574468085106,1.19148936170213,0.957446808510638,0,16.2433266743892,16.2433266743892,2,4,Batman,6,48
happy tender,21,6.62686567164179,2.19402985074627,0.955223880597015,0.0298507462686567,16.2158459087581,16.2158459087581,2,4,The Rainmaker,6,49
tender anger,44,5.47761194029851,1.01492537313433,0.91044776119403,0,16.0315727559186,16.0315727559186,4,1,Pride & Prejudice,2,50
anger sad,3,6.3134328358209,1.55223880597015,0.895522388059702,0.0149253731343284,15.8269797051773,15.8269797051773,1,3,The Alien Trilogy,2,51
tender anger,49,5.11940298507463,1,0.940298507462687,0,15.7358514633494,15.7358514633494,4,1,Juha,2,52
sad happy,88,5.65957446808511,1,1,0,15.613445119777,15.613445119777,3,2,Blanc,3,53
anger happy,69,6.38297872340426,1,0.957446808510638,0,15.6096828266208,15.6096828266208,1,2,Hellraiser,2,54
tender anger,43,5.73134328358209,1.02985074626866,0.925373134328358,0,15.5538674534507,15.5538674534507,4,1,Dances with Wolves,3,55
anger tender,2,5.76119402985075,1.1044776119403,0.895522388059702,0,15.4618126048921,15.4618126048921,1,4,The Rainmaker,3,56
anger sad,1,6.38805970149254,1.74626865671642,0.925373134328358,0.0447761194029851,15.4450494194582,15.4450494194582,1,3,Lethal weapon 3,3,57
sad anger,40,5.32835820895522,1.01492537313433,0.940298507462687,0,15.4110503838528,15.4110503838528,3,1,The English Patient,3,58
tender anger,29,5.3134328358209,1,0.940298507462687,0,15.3667552159534,15.3667552159534,4,1,The Portait of a Lady,3,59
anger tender,69,6.38297872340426,1.02127659574468,0.957446808510638,0,15.3189735673384,15.3189735673384,1,4,Hellraiser,3,60
tender anger,47,5.38805970149254,1.02985074626866,0.925373134328358,0,15.2027856646894,15.2027856646894,4,1,Oliwer Twist,3,61
tender anger,107,5.8936170212766,1,0.957446808510638,0,15.0537622249135,15.0537622249135,4,1,The Godfarher,4,62
anger happy,2,5.76119402985075,1.08955223880597,0.895522388059702,0.0149253731343284,14.967631905237,14.967631905237,1,2,The Rainmaker,3,63
happy sad,27,6.26865671641791,1.67164179104478,0.895522388059702,0.0298507462686567,14.8787903817705,14.8787903817705,2,3,Oliwer Twist,7,64
happy sad,73,6.36170212765957,1.17021276595745,0.936170212765957,0.0212765957446809,14.7652004633252,14.7652004633252,2,3,Shine,7,65
anger tender,4,5.41791044776119,1.05970149253731,0.925373134328358,0.0149253731343284,14.6489113597853,14.6489113597853,1,4,Cape Fear,3,66
sad anger,88,5.65957446808511,1.19148936170213,0.978723404255319,0,14.6283061826088,14.6283061826088,3,1,Blanc,3,67
happy anger,79,6.59574468085106,1.25531914893617,0.957446808510638,0.0425531914893617,14.3232982880913,14.3232982880913,2,1,Batman,7,68
sad happy,87,5.59574468085106,1,0.978723404255319,0,14.1731285869544,14.1731285869544,3,2,Road To Perdition,3,69
sad anger,36,5.2089552238806,1.1044776119403,0.940298507462687,0,13.8874505523474,13.8874505523474,3,1,Angel Heart,3,70
anger sad,92,6.46808510638298,1.65957446808511,0.978723404255319,0,13.8853479812586,13.8853479812586,1,3,The Fifth Element,4,71
sad happy,34,6.11940298507463,1.40298507462687,0.925373134328358,0.0447761194029851,13.8660037452566,13.8660037452566,3,2,Big Fish,3,72
sad anger,104,5.59574468085106,1.08510638297872,0.957446808510638,0,13.7771999189089,13.7771999189089,3,1,Crouching Tiger,3,73
sad happy,90,5,1,0.957446808510638,0,13.7113092008021,13.7113092008021,3,2,Batman Returns,4,74
tender anger,30,4.70149253731343,1.02985074626866,0.880597014925373,0.0149253731343284,13.5065527168162,13.5065527168162,4,1,Nostradamus,4,75
happy sad,55,5.59574468085106,1.17021276595745,0.914893617021277,0,13.4666562008812,13.4666562008812,2,3,Dances with Wolves,7,76
sad happy,32,5.14925373134328,1.08955223880597,0.880597014925373,0.0149253731343284,13.3690492844529,13.3690492844529,3,2,Running Scared,4,77
sad anger,108,5.12765957446809,1.02127659574468,0.957446808510638,0,13.352867237996,13.352867237996,3,1,Gladiator,4,78
happy anger,26,4.65671641791045,1.04477611940298,0.850746268656716,0,13.2236668036922,13.2236668036922,2,1,The Omen,8,79
happy tender,25,6.28358208955224,2.22388059701493,0.91044776119403,0.0597014925373134,13.2080718442745,13.2080718442745,2,4,Oliwer Twist,8,80
happy anger,56,5.1063829787234,1.1063829787234,0.957446808510638,0.0212765957446809,13.1514257782189,13.1514257782189,2,1,Man of Galilee CD1,8,81
sad anger,46,4.80597014925373,1.04477611940298,0.895522388059702,0,13.1423615905855,13.1423615905855,3,1,Batman,4,82
anger happy,4,5.41791044776119,1.19402985074627,0.91044776119403,0.0298507462686567,12.9334641017357,12.9334641017357,1,2,Cape Fear,4,83
happy tender,27,6.26865671641791,2.29850746268657,0.925373134328358,0.0298507462686567,12.8831607796659,12.8831607796659,2,4,Oliwer Twist,8,84
sad happy,108,5.12765957446809,1.17021276595745,0.957446808510638,0,12.7614531641352,12.7614531641352,3,2,Gladiator,4,85
sad tender,8,5.14925373134328,1.37313432835821,0.865671641791045,0.0149253731343284,12.228783686143,12.228783686143,3,4,Man of Galilee CD1,4,86
anger sad,2,5.76119402985075,1.59701492537313,0.850746268656716,0.0298507462686567,12.2235674121428,12.2235674121428,1,3,The Rainmaker,4,87
anger tender,93,5.51063829787234,1,0.893617021276596,0,12.1140707371207,12.1140707371207,1,4,Babylon 5,4,88
sad happy,8,5.14925373134328,1.19402985074627,0.865671641791045,0.0298507462686567,12.0191453681045,12.0191453681045,3,2,Man of Galilee CD1,5,89
tender anger,48,4.43283582089552,1.05970149253731,0.865671641791045,0,11.995346545222,11.995346545222,4,1,Dracula,4,90
sad tender,33,7.17910447761194,3.02985074626866,0.895522388059702,0.0597014925373134,11.9793599222098,11.9793599222098,3,4,The Portait of a Lady,5,91
happy anger,77,4.53191489361702,1.04255319148936,0.936170212765957,0.0212765957446809,11.9692364662106,11.9692364662106,2,1,Lethal weapon 3,8,92
tender anger,45,4.3134328358209,1,0.850746268656716,0,11.9421175034624,11.9421175034624,4,1,Oliwer Twist,4,93
tender anger,51,4.95744680851064,1,0.872340425531915,0,11.8307323067057,11.8307323067057,4,1,Juha,5,94
anger tender,9,4.13432835820895,1,0.835820895522388,0,11.8038054406942,11.8038054406942,1,4,The Untouchables,4,95
happy tender,73,6.36170212765957,2.12765957446809,0.914893617021277,0,11.756398186979,11.756398186979,2,4,Shine,9,96
anger happy,93,5.51063829787234,1.06382978723404,0.893617021276596,0,11.750703252907,11.750703252907,1,2,Babylon 5,5,97
tender happy,39,5.08955223880597,2,0.865671641791045,0.0447761194029851,11.7167915353776,11.7167915353776,4,2,Shakespeare In Love,5,98
anger tender,7,4.64179104477612,1.04477611940298,0.82089552238806,0.0149253731343284,11.6977260990233,11.6977260990233,1,4,Batman Returns,5,99
sad anger,37,4.17910447761194,1.16417910447761,0.865671641791045,0,11.6337204540584,11.6337204540584,3,1,Batman,5,100
anger sad,69,6.38297872340426,1.82978723404255,0.872340425531915,0.0212765957446809,11.4881219198334,11.4881219198334,1,3,Hellraiser,5,101
sad happy,104,5.59574468085106,1.31914893617021,0.936170212765957,0.0425531914893617,11.4538463934424,11.4538463934424,3,2,Crouching Tiger,5,102
sad happy,89,4.93617021276596,1.04255319148936,0.914893617021277,0,11.4394430051954,11.4394430051954,3,2,Blanc,5,103
happy tender,55,5.59574468085106,1.95744680851064,0.872340425531915,0.0212765957446809,11.4354106851657,11.4354106851657,2,4,Dances with Wolves,9,104
sad anger,58,5.06382978723404,1.06382978723404,0.872340425531915,0,11.3611014811801,11.3611014811801,3,1,Vertigo OST,5,105
sad anger,89,4.93617021276596,1.08510638297872,0.893617021276596,0,11.1489643526468,11.1489643526468,3,1,Blanc,6,106
anger happy,10,4.41791044776119,1.04477611940298,0.82089552238806,0,11.1093271045075,11.1093271045075,1,2,Oliwer Twist,5,107
sad tender,87,5.59574468085106,1.80851063829787,0.914893617021277,0.0212765957446809,11.0958288776843,11.0958288776843,3,4,Road To Perdition,6,108
tender sad,106,6.57446808510638,2.4468085106383,0.914893617021277,0.0425531914893617,11.0215516174508,11.0215516174508,4,3,Lethal weapon 3,5,109
tender anger,52,4.61702127659574,1,0.893617021276596,0,11.0154393954506,11.0154393954506,4,1,Blanc,6,110
anger tender,10,4.41791044776119,1.07462686567164,0.82089552238806,0,10.9649455971693,10.9649455971693,1,4,Oliwer Twist,5,111
happy anger,53,4.78723404255319,1,0.872340425531915,0,10.9237049252647,10.9237049252647,2,1,Gladiator,9,112
sad happy,36,5.2089552238806,1.34328358208955,0.895522388059702,0.0895522388059701,10.7314263059863,10.7314263059863,3,2,Angel Heart,6,113
sad happy,50,5.28358208955224,1.64179104477612,0.850746268656716,0.0597014925373134,10.7298499818438,10.7298499818438,3,2,Oliwer Twist,6,114
tender anger,54,5.25531914893617,1,0.872340425531915,0,10.653458390229,10.653458390229,4,1,Pride & Prejudice,6,115
anger tender,18,4.41791044776119,1.1044776119403,0.805970149253731,0.0447761194029851,10.3819686977322,10.3819686977322,1,4,The Fifth Element,6,116
sad happy,99,4.8936170212766,1.1063829787234,0.872340425531915,0.0212765957446809,10.3788687476956,10.3788687476956,3,2,Dracula,6,117
sad anger,90,5,1.40425531914894,0.914893617021277,0.0212765957446809,10.225902712145,10.225902712145,3,1,Batman Returns,6,118
tender anger,110,4.85106382978723,1,0.893617021276596,0,10.2038298141866,10.2038298141866,4,1,Big Fish,6,119
sad happy,35,5.73134328358209,1.65671641791045,0.880597014925373,0.0597014925373134,10.1075404696577,10.1075404696577,3,2,Man of Galilee CD1,6,120
tender sad,42,6.05970149253731,2.49253731343284,0.850746268656716,0.0895522388059701,10.0740047264531,10.0740047264531,4,3,Pride & Prejudice,6,121
sad anger,87,5.59574468085106,1.59574468085106,0.872340425531915,0.106382978723404,10.0278681450687,10.0278681450687,3,1,Road To Perdition,7,122
anger happy,18,4.41791044776119,1.2089552238806,0.791044776119403,0.0447761194029851,10.0030333215158,10.0030333215158,1,2,The Fifth Element,6,123
sad tender,109,7,3.46808510638298,0.893617021276596,0,9.96303268890649,9.96303268890649,3,4,Pride & Prejudice,7,124
sad anger,38,4.07462686567164,1.08955223880597,0.850746268656716,0.0149253731343284,9.93770812587852,9.93770812587852,3,1,Dracula,7,125
tender sad,41,6.65671641791045,3.01492537313433,0.82089552238806,0.104477611940299,9.76213015171137,9.76213015171137,4,3,Shine,7,126
sad anger,78,4.85106382978723,1.23404255319149,0.872340425531915,0.0212765957446809,9.75714855200745,9.75714855200745,3,1,Crouching Tiger,7,127
sad happy,38,4.07462686567164,1.14925373134328,0.850746268656716,0.0149253731343284,9.64700721475002,9.64700721475002,3,2,Dracula,7,128
happy anger,55,5.59574468085106,1.38297872340426,0.914893617021277,0.0425531914893617,9.62857406982659,9.62857406982659,2,1,Dances with Wolves,9,129
happy sad,74,4.87234042553191,1.38297872340426,0.872340425531915,0.0425531914893617,9.59808866552468,9.59808866552468,2,3,Shine,10,130
anger sad,9,4.13432835820895,1.37313432835821,0.805970149253731,0.0746268656716418,9.5433388552819,9.5433388552819,1,3,The Untouchables,6,131
happy anger,74,4.87234042553191,1.31914893617021,0.872340425531915,0.0425531914893617,9.5130227362356,9.5130227362356,2,1,Shine,10,132
tender sad,43,5.73134328358209,2.01492537313433,0.805970149253731,0.0895522388059701,9.50791422952835,9.50791422952835,4,3,Dances with Wolves,7,133
tender happy,106,6.57446808510638,3.12765957446809,0.872340425531915,0.0638297872340425,9.48315739276092,9.48315739276092,4,2,Lethal weapon 3,7,134
happy anger,80,4,1.06382978723404,0.829787234042553,0,9.35867955554603,9.35867955554603,2,1,Oliwer Twist,10,135
anger tender,20,4.17910447761194,1.05970149253731,0.73134328358209,0.0149253731343284,9.28562403577165,9.28562403577165,1,4,Man of Galilee CD1,6,136
sad tender,32,5.14925373134328,1.94029850746269,0.805970149253731,0.0597014925373134,9.27714958383298,9.27714958383298,3,4,Running Scared,7,137
anger sad,93,5.51063829787234,1.51063829787234,0.829787234042553,0.0212765957446809,9.23049134354991,9.23049134354991,1,3,Babylon 5,6,138
anger sad,4,5.41791044776119,2.1044776119403,0.776119402985075,0.0746268656716418,9.19334491968203,9.19334491968203,1,3,Cape Fear,7,139
sad tender,88,5.65957446808511,2.31914893617021,0.872340425531915,0.0851063829787234,9.17544242468687,9.17544242468687,3,4,Blanc,8,140
anger happy,7,4.64179104477612,1.49253731343284,0.761194029850746,0.0746268656716418,9.12672061266401,9.12672061266401,1,2,Batman Returns,7,141
anger sad,18,4.41791044776119,1.44776119402985,0.746268656716418,0.0746268656716418,8.92310619480529,8.92310619480529,1,3,The Fifth Element,7,142
sad happy,46,4.80597014925373,1.56716417910448,0.835820895522388,0.119402985074627,8.91089427560481,8.91089427560481,3,2,Batman,8,143
happy anger,59,4.31914893617021,1.1063829787234,0.829787234042553,0.0212765957446809,8.83529115269569,8.83529115269569,2,1,Vertigo OST,10,144
happy sad,56,5.1063829787234,1.72340425531915,0.872340425531915,0.0638297872340425,8.83333333333333,8.83333333333333,2,3,Man of Galilee CD1,11,145
tender sad,49,5.11940298507463,2.22388059701493,0.82089552238806,0.134328358208955,8.76782307449856,8.76782307449856,4,3,Juha,8,146
sad happy,40,5.32835820895522,2.08955223880597,0.82089552238806,0.104477611940299,8.74769876667646,8.74769876667646,3,2,The English Patient,8,147
sad tender,35,5.73134328358209,2.7910447761194,0.791044776119403,0.0895522388059701,8.67702880738345,8.67702880738345,3,4,Man of Galilee CD1,8,148
tender happy,41,6.65671641791045,3.71641791044776,0.850746268656716,0.119402985074627,8.59282652143975,8.59282652143975,4,2,Shine,8,149
happy sad,77,4.53191489361702,1.5531914893617,0.872340425531915,0.0212765957446809,8.54078356000023,8.54078356000023,2,3,Lethal weapon 3,11,150
sad tender,81,6.38297872340426,3.14893617021277,0.851063829787234,0.106382978723404,8.50746783651729,8.50746783651729,3,4,Juha,8,151
sad tender,34,6.11940298507463,3.14925373134328,0.82089552238806,0.134328358208955,8.40701051812187,8.40701051812187,3,4,Big Fish,8,152
tender anger,83,4.25531914893617,1,0.74468085106383,0,8.34575443422139,8.34575443422139,4,1,Big Fish,8,153
sad anger,35,5.73134328358209,2.38805970149254,0.776119402985075,0.149253731343284,8.30216513738717,8.30216513738717,3,1,Man of Galilee CD1,8,154
anger tender,6,3.26865671641791,1.11940298507463,0.701492537313433,0.0447761194029851,8.27217021101476,8.27217021101476,1,4,Crouching Tiger jne.,7,155
happy tender,77,4.53191489361702,1.82978723404255,0.851063829787234,0.0638297872340425,8.25180752681606,8.25180752681606,2,4,Lethal weapon 3,11,156
tender happy,44,5.47761194029851,2.85074626865672,0.805970149253731,0.0895522388059701,8.2011813925626,8.2011813925626,4,2,Pride & Prejudice,8,157
sad tender,89,4.93617021276596,2.12765957446809,0.787234042553192,0.0425531914893617,8.14148782569121,8.14148782569121,3,4,Blanc,9,158
sad tender,99,4.8936170212766,1.82978723404255,0.851063829787234,0.0425531914893617,8.13314991873104,8.13314991873104,3,4,Dracula,9,159
sad anger,85,3.65957446808511,1.23404255319149,0.74468085106383,0.0638297872340425,8.10786095593927,8.10786095593927,3,1,Oliwer Twist,9,160
sad anger,19,3.6865671641791,1.34328358208955,0.716417910447761,0.0447761194029851,8.08883770184539,8.08883770184539,3,1,Lethal weapon 3,9,161
sad tender,84,6.17021276595745,3.02127659574468,0.765957446808511,0.0851063829787234,8.08505454006285,8.08505454006285,3,4,Blanc,9,162
anger sad,7,4.64179104477612,2.07462686567164,0.761194029850746,0.104477611940299,8.04342093131586,8.04342093131586,1,3,Batman Returns,7,163
anger sad,5,6.13432835820895,2.95522388059702,0.776119402985075,0.119402985074627,7.90137963745185,7.90137963745185,1,3,The Fifth Element,8,164
sad tender,31,6.77611940298507,3.58208955223881,0.776119402985075,0.104477611940299,7.82651758011867,7.82651758011867,3,4,The English Patient,9,165
sad happy,96,3.46808510638298,1.08510638297872,0.765957446808511,0.0212765957446809,7.81331047425326,7.81331047425326,3,2,The Missing,10,166
sad anger,32,5.14925373134328,1.98507462686567,0.746268656716418,0.149253731343284,7.77071475586082,7.77071475586082,3,1,Running Scared,10,167
anger sad,20,4.17910447761194,1.38805970149254,0.701492537313433,0.0597014925373134,7.73952076530683,7.73952076530683,1,3,Man of Galilee CD1,8,168
sad anger,102,3.80851063829787,1.04255319148936,0.74468085106383,0.0212765957446809,7.73542646918052,7.73542646918052,3,1,Shakespeare In Love,10,169
sad happy,63,3.91489361702128,1.19148936170213,0.765957446808511,0.0212765957446809,7.65838722849885,7.65838722849885,3,2,Batman,10,170
happy anger,76,3.4468085106383,1,0.787234042553192,0,7.64233851263003,7.64233851263003,2,1,Juha,11,171
sad happy,85,3.65957446808511,1.23404255319149,0.702127659574468,0.0425531914893617,7.61251393166734,7.61251393166734,3,2,Oliwer Twist,10,172
tender happy,54,5.25531914893617,1.8936170212766,0.808510638297872,0.0638297872340425,7.60139603603767,7.60139603603767,4,2,Pride & Prejudice,9,173
happy sad,26,4.65671641791045,2.16417910447761,0.776119402985075,0.134328358208955,7.57527383416279,7.57527383416279,2,3,The Omen,12,174
sad happy,37,4.17910447761194,1.71641791044776,0.746268656716418,0.119402985074627,7.50093931993605,7.50093931993605,3,2,Batman,10,175
happy tender,80,4,1.65957446808511,0.787234042553192,0.106382978723404,7.4642960629731,7.4642960629731,2,4,Oliwer Twist,12,176
anger happy,94,4,1.02127659574468,0.702127659574468,0,7.45696092183086,7.45696092183086,1,2,Hellraiser,8,177
sad happy,58,5.06382978723404,1.76595744680851,0.787234042553192,0.0851063829787234,7.43093848764979,7.43093848764979,3,2,Vertigo OST,11,178
anger happy,66,3.82978723404255,1.06382978723404,0.702127659574468,0,7.34701395679752,7.34701395679752,1,2,The English Patient,8,179
sad anger,63,3.91489361702128,1.23404255319149,0.787234042553192,0.0638297872340425,7.34249949496791,7.34249949496791,3,1,Batman,11,180
sad tender,36,5.2089552238806,2.43283582089552,0.776119402985075,0.17910447761194,7.28787960340642,7.28787960340642,3,4,Angel Heart,11,181
happy tender,57,4.48936170212766,2.02127659574468,0.808510638297872,0.0425531914893617,7.23343415937094,7.23343415937094,2,4,Shakespeare In Love,12,182
sad anger,103,3.63829787234043,1.17021276595745,0.680851063829787,0.0212765957446809,7.23343415937094,7.23343415937094,3,1,The Fifth Element,11,183
anger tender,66,3.82978723404255,1.04255319148936,0.702127659574468,0,7.22369587717114,7.22369587717114,1,4,The English Patient,8,184
tender happy,48,4.43283582089552,1.94029850746269,0.761194029850746,0.0746268656716418,7.20820915553538,7.20820915553538,4,2,Dracula,9,185
tender sad,28,5.34328358208955,2.71641791044776,0.761194029850746,0.119402985074627,7.13329982194381,7.13329982194381,4,3,Grizzly Man,9,186
anger tender,11,2.7910447761194,1.07462686567164,0.552238805970149,0,7.0033948034334,7.0033948034334,1,4,Batman Returns,9,187
tender sad,107,5.8936170212766,2.42553191489362,0.851063829787234,0.106382978723404,6.9541925883052,6.9541925883052,4,3,The Godfarher,9,188
happy sad,53,4.78723404255319,1.85106382978723,0.808510638297872,0.127659574468085,6.88840429614554,6.88840429614554,2,3,Gladiator,12,189
anger happy,11,2.7910447761194,1.08955223880597,0.552238805970149,0,6.86011089376959,6.86011089376959,1,2,Batman Returns,9,190
tender happy,42,6.05970149253731,3.70149253731343,0.701492537313433,0.119402985074627,6.72714274945335,6.72714274945335,4,2,Pride & Prejudice,10,191
sad happy,78,4.85106382978723,1.72340425531915,0.787234042553192,0.106382978723404,6.71355522100253,6.71355522100253,3,2,Crouching Tiger,11,192
sad tender,90,5,2.42553191489362,0.787234042553192,0.0851063829787234,6.63509213502076,6.63509213502076,3,4,Batman Returns,11,193
anger happy,9,4.13432835820895,1.91044776119403,0.701492537313433,0.119402985074627,6.62921970491151,6.62921970491151,1,2,The Untouchables,9,194
happy tender,74,4.87234042553191,2.1063829787234,0.74468085106383,0.106382978723404,6.55944699797126,6.55944699797126,2,4,Shine,13,195
sad happy,65,3.27659574468085,1.25531914893617,0.74468085106383,0.0425531914893617,6.53267030011465,6.53267030011465,3,2,Big Fish,11,196
sad happy,19,3.6865671641791,1.49253731343284,0.671641791044776,0.119402985074627,6.50868933747952,6.50868933747952,3,2,Lethal weapon 3,12,197
happy sad,80,4,1.80851063829787,0.74468085106383,0.0851063829787234,6.48001043146363,6.48001043146363,2,3,Oliwer Twist,13,198
tender sad,29,5.3134328358209,2.8955223880597,0.701492537313433,0.194029850746269,6.44540484625887,6.44540484625887,4,3,The Portait of a Lady,10,199
happy anger,61,3,1.25531914893617,0.723404255319149,0.0851063829787234,6.39465337218497,6.39465337218497,2,1,Juha,13,200
happy sad,57,4.48936170212766,1.95744680851064,0.765957446808511,0.127659574468085,6.38745442997066,6.38745442997066,2,3,Shakespeare In Love,13,201
happy anger,57,4.48936170212766,1.46808510638298,0.829787234042553,0.106382978723404,6.35291946767554,6.35291946767554,2,1,Shakespeare In Love,14,202
anger tender,14,2.61194029850746,1.01492537313433,0.537313432835821,0.0149253731343284,6.32268966605735,6.32268966605735,1,4,The Alien Trilogy,9,203
anger happy,91,3.38297872340426,1.04255319148936,0.659574468085106,0,6.31933488583569,6.31933488583569,1,2,The Alien Trilogy,9,204
anger happy,68,3.12765957446809,1,0.659574468085106,0,6.31741792328333,6.31741792328333,1,2,Road To Perdition,10,205
anger tender,68,3.12765957446809,1.04255319148936,0.638297872340426,0,6.2889538094905,6.2889538094905,1,4,Road To Perdition,10,206
tender sad,44,5.47761194029851,2.86567164179104,0.701492537313433,0.149253731343284,6.21942515690571,6.21942515690571,4,3,Pride & Prejudice,10,207
anger tender,91,3.38297872340426,1.06382978723404,0.638297872340426,0.0212765957446809,6.10282836941881,6.10282836941881,1,4,The Alien Trilogy,10,208
sad anger,98,3.19148936170213,1.29787234042553,0.765957446808511,0.0638297872340425,6.09817951746503,6.09817951746503,3,1,Naked Lunch,12,209
anger tender,94,4,1.25531914893617,0.702127659574468,0.0425531914893617,6.02320158603143,6.02320158603143,1,4,Hellraiser,10,210
anger happy,14,2.61194029850746,1.07462686567164,0.522388059701492,0.0298507462686567,6.01701310805474,6.01701310805474,1,2,The Alien Trilogy,10,211
sad tender,65,3.27659574468085,1.57446808510638,0.723404255319149,0.0851063829787234,5.86931554493929,5.86931554493929,3,4,Big Fish,12,212
anger tender,13,2.13432835820896,1.05970149253731,0.477611940298507,0.0149253731343284,5.82258508116012,5.82258508116012,1,4,JFK,11,213
anger sad,10,4.41791044776119,2.2089552238806,0.686567164179104,0.149253731343284,5.81059350415042,5.81059350415042,1,3,Oliwer Twist,11,214
tender sad,51,4.95744680851064,2.51063829787234,0.723404255319149,0.148936170212766,5.80869927294253,5.80869927294253,4,3,Juha,11,215
sad tender,85,3.65957446808511,1.68085106382979,0.680851063829787,0.0638297872340425,5.80757039178556,5.80757039178556,3,4,Oliwer Twist,12,216
tender sad,47,5.38805970149254,3.52238805970149,0.671641791044776,0.149253731343284,5.72390230242189,5.72390230242189,4,3,Oliwer Twist,11,217
anger happy,62,2.93617021276596,1,0.638297872340426,0,5.70740594672137,5.70740594672137,1,2,Shakespeare In Love,11,218
anger sad,6,3.26865671641791,1.55223880597015,0.641791044776119,0.119402985074627,5.58529290041415,5.58529290041415,1,3,Crouching Tiger jne.,11,219
happy sad,59,4.31914893617021,2.02127659574468,0.659574468085106,0.148936170212766,5.45361411117565,5.45361411117565,2,3,Vertigo OST,14,220
tender happy,28,5.34328358208955,3.41791044776119,0.73134328358209,0.164179104477612,5.37867985929299,5.37867985929299,4,2,Grizzly Man,11,221
sad tender,96,3.46808510638298,1.59574468085106,0.659574468085106,0.127659574468085,5.28616312198588,5.28616312198588,3,4,The Missing,12,222
tender happy,30,4.70149253731343,2.86567164179104,0.701492537313433,0.17910447761194,5.22834373263623,5.22834373263623,4,2,Nostradamus,11,223
tender happy,45,4.3134328358209,2.61194029850746,0.686567164179104,0.164179104477612,5.07004402739293,5.07004402739293,4,2,Oliwer Twist,12,224
anger sad,66,3.82978723404255,1.74468085106383,0.574468085106383,0.106382978723404,5.00217442523914,5.00217442523914,1,3,The English Patient,11,225
happy tender,56,5.1063829787234,3.04255319148936,0.765957446808511,0.148936170212766,4.97002773280778,4.97002773280778,2,4,Man of Galilee CD1,14,226
anger sad,14,2.61194029850746,1.35820895522388,0.447761194029851,0.0597014925373134,4.90682494398539,4.90682494398539,1,3,The Alien Trilogy,12,227
tender happy,29,5.3134328358209,3.62686567164179,0.656716417910448,0.253731343283582,4.86056417502885,4.86056417502885,4,2,The Portait of a Lady,12,228
anger tender,97,2.46808510638298,1.02127659574468,0.425531914893617,0,4.83467330168916,4.83467330168916,1,4,Shallow Grave,12,229
sad happy,100,2.14893617021277,1,0.425531914893617,0,4.79830042001335,4.79830042001335,3,2,Cape Fear,12,230
tender sad,30,4.70149253731343,2.88059701492537,0.611940298507463,0.253731343283582,4.7944066062551,4.7944066062551,4,3,Nostradamus,12,231
happy anger,60,2.72340425531915,1.27659574468085,0.553191489361702,0.0851063829787234,4.737784497183,4.737784497183,2,1,Outbreak,14,232
sad tender,19,3.6865671641791,2.11940298507463,0.656716417910448,0.149253731343284,4.70573522468797,4.70573522468797,3,4,Lethal weapon 3,13,233
anger sad,94,4,2.04255319148936,0.617021276595745,0.106382978723404,4.69432385730331,4.69432385730331,1,3,Hellraiser,12,234
anger tender,62,2.93617021276596,1.17021276595745,0.595744680851064,0.0212765957446809,4.64552520020352,4.64552520020352,1,4,Shakespeare In Love,12,235
anger sad,97,2.46808510638298,1.19148936170213,0.425531914893617,0.0212765957446809,4.61538461538462,4.61538461538462,1,3,Shallow Grave,12,236
sad tender,78,4.85106382978723,2.74468085106383,0.680851063829787,0.170212765957447,4.52506869641109,4.52506869641109,3,4,Crouching Tiger,13,237
tender happy,47,5.38805970149254,3.74626865671642,0.611940298507463,0.223880597014925,4.52004676512345,4.52004676512345,4,2,Oliwer Twist,13,238
anger sad,13,2.13432835820896,1.2089552238806,0.477611940298507,0.0597014925373134,4.45691346897187,4.45691346897187,1,3,JFK,13,239
sad tender,63,3.91489361702128,2.31914893617021,0.617021276595745,0.148936170212766,4.45554999216697,4.45554999216697,3,4,Batman,13,240
sad anger,99,4.8936170212766,2.5531914893617,0.74468085106383,0.191489361702128,4.43327811018662,4.43327811018662,3,1,Dracula,13,241
anger happy,20,4.17910447761194,2.32835820895522,0.626865671641791,0.253731343283582,4.39397631887926,4.39397631887926,1,2,Man of Galilee CD1,13,242
tender sad,52,4.61702127659574,2.80851063829787,0.723404255319149,0.212765957446809,4.34083394340148,4.34083394340148,4,3,Blanc,13,243
tender happy,43,5.73134328358209,4.25373134328358,0.597014925373134,0.194029850746269,4.29770587949237,4.29770587949237,4,2,Dances with Wolves,13,244
sad tender,16,2.1044776119403,1.22388059701493,0.388059701492537,0.0597014925373134,4.2366149518218,4.2366149518218,3,4,Running Scared,13,245
sad tender,50,5.28358208955224,3.6865671641791,0.671641791044776,0.208955223880597,4.22395014373675,4.22395014373675,3,4,Oliwer Twist,13,246
anger tender,12,2.28358208955224,1.26865671641791,0.417910447761194,0.0746268656716418,4.14603317377791,4.14603317377791,1,4,JFK,13,247
anger tender,70,2.17021276595745,1.06382978723404,0.382978723404255,0.0212765957446809,4.13917653273523,4.13917653273523,1,4,Grizzle Man,13,248
anger happy,70,2.17021276595745,1.04255319148936,0.382978723404255,0.0212765957446809,4.12930997196263,4.12930997196263,1,2,Grizzle Man,13,249
anger happy,15,2,1.04477611940298,0.328358208955224,0.0149253731343284,4.12727567977498,4.12727567977498,1,2,Hannibal,14,250
anger tender,15,2,1.05970149253731,0.343283582089552,0.0149253731343284,4.10728421425794,4.10728421425794,1,4,Hannibal,14,251
tender happy,83,4.25531914893617,2.42553191489362,0.553191489361702,0.106382978723404,4.07162268575999,4.07162268575999,4,2,Big Fish,13,252
anger sad,11,2.7910447761194,1.59701492537313,0.477611940298507,0.134328358208955,4.02848318968687,4.02848318968687,1,3,Batman Returns,14,253
anger happy,12,2.28358208955224,1.28358208955224,0.417910447761194,0.149253731343284,3.97402279093328,3.97402279093328,1,2,JFK,14,254
happy tender,59,4.31914893617021,2.59574468085106,0.680851063829787,0.127659574468085,3.93169242004027,3.93169242004027,2,4,Vertigo OST,15,255
sad happy,98,3.19148936170213,1.78723404255319,0.617021276595745,0.0851063829787234,3.87914450500596,3.87914450500596,3,2,Naked Lunch,14,256
tender happy,110,4.85106382978723,3.23404255319149,0.617021276595745,0.191489361702128,3.80186006048177,3.80186006048177,4,2,Big Fish,14,257
anger tender,64,2.1063829787234,1.14893617021277,0.361702127659574,0.0212765957446809,3.76366124742935,3.76366124742935,1,4,The Fifth Element,14,258
tender happy,107,5.8936170212766,4.25531914893617,0.617021276595745,0.25531914893617,3.74002588491824,3.74002588491824,4,2,The Godfarher,14,259
sad happy,103,3.63829787234043,2.06382978723404,0.574468085106383,0.276595744680851,3.71904826653076,3.71904826653076,3,2,The Fifth Element,14,260
sad tender,100,2.14893617021277,1.19148936170213,0.361702127659574,0.0851063829787234,3.63596848419411,3.63596848419411,3,4,Cape Fear,14,261
anger happy,13,2.13432835820896,1.3134328358209,0.447761194029851,0.0895522388059701,3.6323399806641,3.6323399806641,1,2,JFK,15,262
sad tender,104,5.59574468085106,3.78723404255319,0.659574468085106,0.276595744680851,3.52441667963351,3.52441667963351,3,4,Crouching Tiger,14,263
anger sad,68,3.12765957446809,1.78723404255319,0.595744680851064,0.127659574468085,3.51417583768681,3.51417583768681,1,3,Road To Perdition,15,264
sad tender,38,4.07462686567164,2.70149253731343,0.611940298507463,0.26865671641791,3.36651369902112,3.36651369902112,3,4,Dracula,14,265
anger sad,91,3.38297872340426,2.12765957446809,0.553191489361702,0.106382978723404,3.31014010396375,3.31014010396375,1,3,The Alien Trilogy,15,266
sad happy,16,2.1044776119403,1.37313432835821,0.417910447761194,0.134328358208955,3.27019200606208,3.27019200606208,3,2,Running Scared,14,267
tender sad,48,4.43283582089552,3.14925373134328,0.611940298507463,0.283582089552239,3.17307367048032,3.17307367048032,4,3,Dracula,14,268
sad tender,37,4.17910447761194,3.04477611940298,0.537313432835821,0.328358208955224,3.12190328234404,3.12190328234404,3,4,Batman,14,269
tender sad,110,4.85106382978723,3.27659574468085,0.617021276595745,0.319148936170213,3.02553514705824,3.02553514705824,4,3,Big Fish,15,270
anger happy,97,2.46808510638298,1.53191489361702,0.361702127659574,0.170212765957447,2.95627275078541,2.95627275078541,1,2,Shallow Grave,15,271
tender happy,52,4.61702127659574,3.34042553191489,0.617021276595745,0.297872340425532,2.86449497878774,2.86449497878774,4,2,Blanc,15,272
sad anger,8,5.14925373134328,3.80597014925373,0.522388059701492,0.343283582089552,2.79265368944396,2.79265368944396,3,1,Man of Galilee CD1,15,273
anger sad,12,2.28358208955224,1.56716417910448,0.402985074626866,0.149253731343284,2.74316252117464,2.74316252117464,1,3,JFK,15,274
sad happy,102,3.80851063829787,2.40425531914894,0.531914893617021,0.297872340425532,2.74132294433701,2.74132294433701,3,2,Shakespeare In Love,15,275
happy tender,53,4.78723404255319,3.59574468085106,0.531914893617021,0.276595744680851,2.661554715248,2.661554715248,2,4,Gladiator,15,276
anger happy,64,2.1063829787234,1.27659574468085,0.361702127659574,0.0851063829787234,2.60934482588964,2.60934482588964,1,2,The Fifth Element,16,277
happy tender,61,3,2.17021276595745,0.595744680851064,0.212765957446809,2.57426169259876,2.57426169259876,2,4,Juha,15,278
tender sad,45,4.3134328358209,3.3134328358209,0.522388059701492,0.358208955223881,2.47138317681209,2.47138317681209,4,3,Oliwer Twist,15,279
sad tender,108,5.12765957446809,4.08510638297872,0.595744680851064,0.276595744680851,2.45494154063074,2.45494154063074,3,4,Gladiator,15,280
happy sad,76,3.4468085106383,2.25531914893617,0.680851063829787,0.276595744680851,2.41726346725448,2.41726346725448,2,3,Juha,15,281
happy tender,76,3.4468085106383,2.48936170212766,0.574468085106383,0.25531914893617,2.34012616672488,2.34012616672488,2,4,Juha,16,282
sad anger,65,3.27659574468085,2.36170212765957,0.617021276595745,0.212765957446809,2.28150458204553,2.28150458204553,3,1,Big Fish,15,283
sad tender,40,5.32835820895522,4.46268656716418,0.537313432835821,0.313432835820896,2.09392773380503,2.09392773380503,3,4,The English Patient,15,284
happy tender,60,2.72340425531915,2.02127659574468,0.468085106382979,0.191489361702128,2.0738014544617,2.0738014544617,2,4,Outbreak,16,285
sad tender,103,3.63829787234043,2.74468085106383,0.51063829787234,0.234042553191489,2.02634205884879,2.02634205884879,3,4,The Fifth Element,15,286
anger sad,64,2.1063829787234,1.5531914893617,0.297872340425532,0.234042553191489,1.93001659662519,1.93001659662519,1,3,The Fifth Element,16,287
anger happy,6,3.26865671641791,2.55223880597015,0.507462686567164,0.298507462686567,1.84104417435482,1.84104417435482,1,2,Crouching Tiger jne.,16,288
happy sad,61,3,2.31914893617021,0.659574468085106,0.191489361702128,1.79742232747889,1.79742232747889,2,3,Juha,16,289
anger sad,70,2.17021276595745,1.68085106382979,0.297872340425532,0.148936170212766,1.60997900041086,1.60997900041086,1,3,Grizzle Man,16,290
sad anger,96,3.46808510638298,2.74468085106383,0.595744680851064,0.297872340425532,1.53304160576734,1.53304160576734,3,1,The Missing,16,291
sad tender,58,5.06382978723404,4.29787234042553,0.531914893617021,0.382978723404255,1.40953986799668,1.40953986799668,3,4,Vertigo OST,16,292
anger sad,15,2,1.70149253731343,0.238805970149254,0.238805970149254,1.24543820951705,1.24543820951705,1,3,Hannibal,16,293
tender sad,54,5.25531914893617,4.57446808510638,0.446808510638298,0.425531914893617,1.2156176162685,1.2156176162685,4,3,Pride & Prejudice,15,294
sad tender,102,3.80851063829787,3.29787234042553,0.425531914893617,0.404255319148936,1.20578063341086,1.20578063341086,3,4,Shakespeare In Love,16,295
sad tender,46,4.80597014925373,4.40298507462687,0.492537313432836,0.462686567164179,1.0884769512401,1.0884769512401,3,4,Batman,16,296
sad anger,16,2.1044776119403,1.88059701492537,0.328358208955224,0.238805970149254,0.871768047803389,0.871768047803389,3,1,Running Scared,16,297
tender sad,39,5.08955223880597,4.77611940298507,0.462686567164179,0.417910447761194,0.814753571232693,0.814753571232693,4,3,Shakespeare In Love,16,298
happy tender,26,4.65671641791045,4.34328358208955,0.462686567164179,0.373134328358209,0.754844189097343,0.754844189097343,2,4,The Omen,16,299
tender happy,51,4.95744680851064,4.63829787234043,0.446808510638298,0.425531914893617,0.707277641834489,0.707277641834489,4,2,Juha,16,300
sad tender,98,3.19148936170213,2.8936170212766,0.48936170212766,0.319148936170213,0.684157767852903,0.684157767852903,3,4,Naked Lunch,16,301
happy sad,60,2.72340425531915,2.46808510638298,0.48936170212766,0.446808510638298,0.589953724647726,0.589953724647726,2,3,Outbreak,16,302
tender sad,83,4.25531914893617,3.95744680851064,0.404255319148936,0.51063829787234,0.573211504221111,0.573211504221111,4,3,Big Fish,16,303
tender happy,49,5.11940298507463,4.92537313432836,0.447761194029851,0.432835820895522,0.543068431225921,0.543068431225921,4,2,Juha,16,304
anger sad,62,2.93617021276596,2.74468085106383,0.297872340425532,0.404255319148936,0.452440913174632,0.452440913174632,1,3,Shakespeare In Love,16,305
sad anger,100,2.14893617021277,2.1063829787234,0.276595744680851,0.319148936170213,0.127741313625667,0.127741313625667,3,1,Cape Fear,16,306
