,Test.Score,Retest.Score,Age,Gender
1,0.7925589,-0.114203751,24,Man
2,0.343644368,-0.002592964,52,Woman
3,1.530230457,1.102973178,25,Woman
4,1.378530241,-0.002592964,21,Woman
5,0.26139633,0.789512211,32,Woman
6,2.698428549,1.500846387,32,Woman
7,-0.770697546,0.198207442,24,Woman
8,1.195691376,0.789512211,31,Woman
9,1.640693212,1.949403556,25,Woman
10,2.698428549,1.408474765,21,Woman
11,2.627986171,2.538041314,39,Man
12,0.26139633,0.198207442,52,Woman
13,1.195691376,-0.743197285,21,Woman
14,2.109206288,1.949403556,21,Woman
15,0.343644368,-0.114203751,24,Woman
16,2.899822101,2.538041314,21,Woman
17,1.378530241,-0.002592964,21,Woman